USE [proyecto]
GO
SET IDENTITY_INSERT [dbo].[departamentos] ON 

INSERT [dbo].[departamentos] ([id], [codigo], [departamento]) VALUES (1, 1, N'Guatemala')
INSERT [dbo].[departamentos] ([id], [codigo], [departamento]) VALUES (2, 2, N'El Progreso')
INSERT [dbo].[departamentos] ([id], [codigo], [departamento]) VALUES (3, 3, N'Sacatepéquez')
INSERT [dbo].[departamentos] ([id], [codigo], [departamento]) VALUES (4, 4, N'Chimaltenango')
INSERT [dbo].[departamentos] ([id], [codigo], [departamento]) VALUES (5, 5, N'Escuintla')
INSERT [dbo].[departamentos] ([id], [codigo], [departamento]) VALUES (6, 6, N'Santa Rosa')
INSERT [dbo].[departamentos] ([id], [codigo], [departamento]) VALUES (7, 7, N'Sololá')
INSERT [dbo].[departamentos] ([id], [codigo], [departamento]) VALUES (8, 8, N'Totonicapán')
INSERT [dbo].[departamentos] ([id], [codigo], [departamento]) VALUES (9, 9, N'Quetzaltenango')
INSERT [dbo].[departamentos] ([id], [codigo], [departamento]) VALUES (10, 10, N'Suchitepéquez')
INSERT [dbo].[departamentos] ([id], [codigo], [departamento]) VALUES (11, 11, N'Retalhuleu')
INSERT [dbo].[departamentos] ([id], [codigo], [departamento]) VALUES (12, 12, N'San Marcos')
INSERT [dbo].[departamentos] ([id], [codigo], [departamento]) VALUES (13, 13, N'Huehuetenango')
INSERT [dbo].[departamentos] ([id], [codigo], [departamento]) VALUES (14, 14, N'Quiché')
INSERT [dbo].[departamentos] ([id], [codigo], [departamento]) VALUES (15, 15, N'Baja Verapaz')
INSERT [dbo].[departamentos] ([id], [codigo], [departamento]) VALUES (16, 16, N'Alta Verapaz')
INSERT [dbo].[departamentos] ([id], [codigo], [departamento]) VALUES (17, 17, N'Petén')
INSERT [dbo].[departamentos] ([id], [codigo], [departamento]) VALUES (18, 18, N'Izabal')
INSERT [dbo].[departamentos] ([id], [codigo], [departamento]) VALUES (19, 19, N'Zacapa')
INSERT [dbo].[departamentos] ([id], [codigo], [departamento]) VALUES (20, 20, N'Chiquimula')
INSERT [dbo].[departamentos] ([id], [codigo], [departamento]) VALUES (21, 21, N'Jalapa')
INSERT [dbo].[departamentos] ([id], [codigo], [departamento]) VALUES (22, 22, N'Jutiapa')
SET IDENTITY_INSERT [dbo].[departamentos] OFF
SET IDENTITY_INSERT [dbo].[municipios] ON 

INSERT [dbo].[municipios] ([id], [codigo], [municipio], [fk_id_departamentos]) VALUES (1, 101, N'Guatemala', 1)
INSERT [dbo].[municipios] ([id], [codigo], [municipio], [fk_id_departamentos]) VALUES (2, 102, N'Santa Catarina Pinula', 1)
INSERT [dbo].[municipios] ([id], [codigo], [municipio], [fk_id_departamentos]) VALUES (3, 103, N'San José Pinula', 1)
INSERT [dbo].[municipios] ([id], [codigo], [municipio], [fk_id_departamentos]) VALUES (4, 104, N'San José el Golfo', 1)
INSERT [dbo].[municipios] ([id], [codigo], [municipio], [fk_id_departamentos]) VALUES (5, 105, N'Palencia', 1)
INSERT [dbo].[municipios] ([id], [codigo], [municipio], [fk_id_departamentos]) VALUES (6, 106, N'Chinautla', 1)
INSERT [dbo].[municipios] ([id], [codigo], [municipio], [fk_id_departamentos]) VALUES (7, 107, N'San Pedro Ayampuc', 1)
INSERT [dbo].[municipios] ([id], [codigo], [municipio], [fk_id_departamentos]) VALUES (8, 108, N'Mixco', 1)
INSERT [dbo].[municipios] ([id], [codigo], [municipio], [fk_id_departamentos]) VALUES (9, 109, N'San Pedro Sacatepéquez', 1)
INSERT [dbo].[municipios] ([id], [codigo], [municipio], [fk_id_departamentos]) VALUES (10, 110, N'San Juan Sacatepéquez', 1)
INSERT [dbo].[municipios] ([id], [codigo], [municipio], [fk_id_departamentos]) VALUES (11, 111, N'San Raimundo', 1)
INSERT [dbo].[municipios] ([id], [codigo], [municipio], [fk_id_departamentos]) VALUES (12, 112, N'Chuarrancho', 1)
INSERT [dbo].[municipios] ([id], [codigo], [municipio], [fk_id_departamentos]) VALUES (13, 113, N'Fraijanes', 1)
INSERT [dbo].[municipios] ([id], [codigo], [municipio], [fk_id_departamentos]) VALUES (14, 114, N'Amatitlán', 1)
INSERT [dbo].[municipios] ([id], [codigo], [municipio], [fk_id_departamentos]) VALUES (15, 115, N'Villa Nueva', 1)
INSERT [dbo].[municipios] ([id], [codigo], [municipio], [fk_id_departamentos]) VALUES (16, 116, N'Villa Canales', 1)
INSERT [dbo].[municipios] ([id], [codigo], [municipio], [fk_id_departamentos]) VALUES (17, 117, N'Petapa', 1)
INSERT [dbo].[municipios] ([id], [codigo], [municipio], [fk_id_departamentos]) VALUES (18, 201, N'Guastatoya', 2)
INSERT [dbo].[municipios] ([id], [codigo], [municipio], [fk_id_departamentos]) VALUES (19, 202, N'Morazán', 2)
INSERT [dbo].[municipios] ([id], [codigo], [municipio], [fk_id_departamentos]) VALUES (20, 203, N'San Agustín Acasaguastlán', 2)
INSERT [dbo].[municipios] ([id], [codigo], [municipio], [fk_id_departamentos]) VALUES (21, 204, N'San Cristóbal Acasaguastlán', 2)
INSERT [dbo].[municipios] ([id], [codigo], [municipio], [fk_id_departamentos]) VALUES (22, 205, N'El Jícaro', 2)
INSERT [dbo].[municipios] ([id], [codigo], [municipio], [fk_id_departamentos]) VALUES (23, 206, N'Sansare', 2)
INSERT [dbo].[municipios] ([id], [codigo], [municipio], [fk_id_departamentos]) VALUES (24, 207, N'Sanarate', 2)
INSERT [dbo].[municipios] ([id], [codigo], [municipio], [fk_id_departamentos]) VALUES (25, 208, N'San Antonio La Paz', 2)
INSERT [dbo].[municipios] ([id], [codigo], [municipio], [fk_id_departamentos]) VALUES (26, 301, N'Antigua Guatemala', 3)
INSERT [dbo].[municipios] ([id], [codigo], [municipio], [fk_id_departamentos]) VALUES (27, 302, N'Jocotenango', 3)
INSERT [dbo].[municipios] ([id], [codigo], [municipio], [fk_id_departamentos]) VALUES (28, 303, N'Pastores', 3)
INSERT [dbo].[municipios] ([id], [codigo], [municipio], [fk_id_departamentos]) VALUES (29, 304, N'Sumpango', 3)
INSERT [dbo].[municipios] ([id], [codigo], [municipio], [fk_id_departamentos]) VALUES (30, 305, N'Santo Domingo Xenacoj', 3)
INSERT [dbo].[municipios] ([id], [codigo], [municipio], [fk_id_departamentos]) VALUES (31, 306, N'Santiago Sacatepéquez', 3)
INSERT [dbo].[municipios] ([id], [codigo], [municipio], [fk_id_departamentos]) VALUES (32, 307, N'San Bartolomé Milpas Altas', 3)
INSERT [dbo].[municipios] ([id], [codigo], [municipio], [fk_id_departamentos]) VALUES (33, 308, N'San Lucas Sacatepéquez', 3)
INSERT [dbo].[municipios] ([id], [codigo], [municipio], [fk_id_departamentos]) VALUES (34, 309, N'Santa Lucía Milpas Altas', 3)
INSERT [dbo].[municipios] ([id], [codigo], [municipio], [fk_id_departamentos]) VALUES (35, 310, N'Magdalena Milpas Altas', 3)
INSERT [dbo].[municipios] ([id], [codigo], [municipio], [fk_id_departamentos]) VALUES (36, 311, N'Santa María de Jesús', 3)
INSERT [dbo].[municipios] ([id], [codigo], [municipio], [fk_id_departamentos]) VALUES (37, 312, N'Ciudad Vieja', 3)
INSERT [dbo].[municipios] ([id], [codigo], [municipio], [fk_id_departamentos]) VALUES (38, 313, N'San Miguel Dueñas', 3)
INSERT [dbo].[municipios] ([id], [codigo], [municipio], [fk_id_departamentos]) VALUES (39, 314, N'Alotenango', 3)
INSERT [dbo].[municipios] ([id], [codigo], [municipio], [fk_id_departamentos]) VALUES (40, 315, N'San Antonio Aguas Calientes', 3)
INSERT [dbo].[municipios] ([id], [codigo], [municipio], [fk_id_departamentos]) VALUES (41, 316, N'Santa Catarina Barahona', 3)
INSERT [dbo].[municipios] ([id], [codigo], [municipio], [fk_id_departamentos]) VALUES (42, 401, N'Chimaltenango', 4)
INSERT [dbo].[municipios] ([id], [codigo], [municipio], [fk_id_departamentos]) VALUES (43, 402, N'San José Poaquil', 4)
INSERT [dbo].[municipios] ([id], [codigo], [municipio], [fk_id_departamentos]) VALUES (44, 403, N'San Martín Jilotepeque', 4)
INSERT [dbo].[municipios] ([id], [codigo], [municipio], [fk_id_departamentos]) VALUES (45, 404, N'Comalapa', 4)
INSERT [dbo].[municipios] ([id], [codigo], [municipio], [fk_id_departamentos]) VALUES (46, 405, N'Santa Apolonia', 4)
INSERT [dbo].[municipios] ([id], [codigo], [municipio], [fk_id_departamentos]) VALUES (47, 406, N'Tecpán Guatemala', 4)
INSERT [dbo].[municipios] ([id], [codigo], [municipio], [fk_id_departamentos]) VALUES (48, 407, N'Patzún', 4)
INSERT [dbo].[municipios] ([id], [codigo], [municipio], [fk_id_departamentos]) VALUES (49, 408, N'Pochuta', 4)
INSERT [dbo].[municipios] ([id], [codigo], [municipio], [fk_id_departamentos]) VALUES (50, 409, N'Patzicía', 4)
INSERT [dbo].[municipios] ([id], [codigo], [municipio], [fk_id_departamentos]) VALUES (51, 410, N'Santa Cruz Balanyá', 4)
INSERT [dbo].[municipios] ([id], [codigo], [municipio], [fk_id_departamentos]) VALUES (52, 411, N'Acatenango', 4)
INSERT [dbo].[municipios] ([id], [codigo], [municipio], [fk_id_departamentos]) VALUES (53, 412, N'Yepocapa', 4)
INSERT [dbo].[municipios] ([id], [codigo], [municipio], [fk_id_departamentos]) VALUES (54, 413, N'San Andrés Itzapa', 4)
INSERT [dbo].[municipios] ([id], [codigo], [municipio], [fk_id_departamentos]) VALUES (55, 414, N'Parramos', 4)
INSERT [dbo].[municipios] ([id], [codigo], [municipio], [fk_id_departamentos]) VALUES (56, 415, N'Zaragoza', 4)
INSERT [dbo].[municipios] ([id], [codigo], [municipio], [fk_id_departamentos]) VALUES (57, 416, N'El Tejar', 4)
INSERT [dbo].[municipios] ([id], [codigo], [municipio], [fk_id_departamentos]) VALUES (58, 501, N'Escuintla', 5)
INSERT [dbo].[municipios] ([id], [codigo], [municipio], [fk_id_departamentos]) VALUES (59, 502, N'Santa Lucía Cotzumalguapa', 5)
INSERT [dbo].[municipios] ([id], [codigo], [municipio], [fk_id_departamentos]) VALUES (60, 503, N'La Democracia', 5)
INSERT [dbo].[municipios] ([id], [codigo], [municipio], [fk_id_departamentos]) VALUES (61, 504, N'Siquinalá', 5)
INSERT [dbo].[municipios] ([id], [codigo], [municipio], [fk_id_departamentos]) VALUES (62, 505, N'Masagua', 5)
INSERT [dbo].[municipios] ([id], [codigo], [municipio], [fk_id_departamentos]) VALUES (63, 506, N'Tiquisate', 5)
INSERT [dbo].[municipios] ([id], [codigo], [municipio], [fk_id_departamentos]) VALUES (64, 507, N'La Gomera', 5)
INSERT [dbo].[municipios] ([id], [codigo], [municipio], [fk_id_departamentos]) VALUES (65, 508, N'Guanagazapa', 5)
INSERT [dbo].[municipios] ([id], [codigo], [municipio], [fk_id_departamentos]) VALUES (66, 509, N'San José', 5)
INSERT [dbo].[municipios] ([id], [codigo], [municipio], [fk_id_departamentos]) VALUES (67, 510, N'Iztapa', 5)
INSERT [dbo].[municipios] ([id], [codigo], [municipio], [fk_id_departamentos]) VALUES (68, 511, N'Palín', 5)
INSERT [dbo].[municipios] ([id], [codigo], [municipio], [fk_id_departamentos]) VALUES (69, 512, N'San Vicente Pacaya', 5)
INSERT [dbo].[municipios] ([id], [codigo], [municipio], [fk_id_departamentos]) VALUES (70, 513, N'Nueva Concepción', 5)
INSERT [dbo].[municipios] ([id], [codigo], [municipio], [fk_id_departamentos]) VALUES (71, 601, N'Cuilapa', 6)
INSERT [dbo].[municipios] ([id], [codigo], [municipio], [fk_id_departamentos]) VALUES (72, 602, N'Barberena', 6)
INSERT [dbo].[municipios] ([id], [codigo], [municipio], [fk_id_departamentos]) VALUES (73, 603, N'Santa Rosa de Lima', 6)
INSERT [dbo].[municipios] ([id], [codigo], [municipio], [fk_id_departamentos]) VALUES (74, 604, N'Casillas', 6)
INSERT [dbo].[municipios] ([id], [codigo], [municipio], [fk_id_departamentos]) VALUES (75, 605, N'San Rafael las Flores', 6)
INSERT [dbo].[municipios] ([id], [codigo], [municipio], [fk_id_departamentos]) VALUES (76, 606, N'Oratorio', 6)
INSERT [dbo].[municipios] ([id], [codigo], [municipio], [fk_id_departamentos]) VALUES (77, 607, N'San Juan Tecuaco', 6)
INSERT [dbo].[municipios] ([id], [codigo], [municipio], [fk_id_departamentos]) VALUES (78, 608, N'Chiquimulilla', 6)
INSERT [dbo].[municipios] ([id], [codigo], [municipio], [fk_id_departamentos]) VALUES (79, 609, N'Taxisco', 6)
INSERT [dbo].[municipios] ([id], [codigo], [municipio], [fk_id_departamentos]) VALUES (80, 610, N'Santa María Ixhuatán', 6)
INSERT [dbo].[municipios] ([id], [codigo], [municipio], [fk_id_departamentos]) VALUES (81, 611, N'Guazacapán', 6)
INSERT [dbo].[municipios] ([id], [codigo], [municipio], [fk_id_departamentos]) VALUES (82, 612, N'Santa Cruz Naranjo', 6)
INSERT [dbo].[municipios] ([id], [codigo], [municipio], [fk_id_departamentos]) VALUES (83, 613, N'Pueblo Nuevo Viñas', 6)
INSERT [dbo].[municipios] ([id], [codigo], [municipio], [fk_id_departamentos]) VALUES (84, 614, N'Nueva Santa Rosa', 6)
INSERT [dbo].[municipios] ([id], [codigo], [municipio], [fk_id_departamentos]) VALUES (85, 701, N'Sololá', 7)
INSERT [dbo].[municipios] ([id], [codigo], [municipio], [fk_id_departamentos]) VALUES (86, 702, N'San José Chacayá', 7)
INSERT [dbo].[municipios] ([id], [codigo], [municipio], [fk_id_departamentos]) VALUES (87, 703, N'Santa María Visitación', 7)
INSERT [dbo].[municipios] ([id], [codigo], [municipio], [fk_id_departamentos]) VALUES (88, 704, N'Santa Lucía Utatlán', 7)
INSERT [dbo].[municipios] ([id], [codigo], [municipio], [fk_id_departamentos]) VALUES (89, 705, N'Nahualá', 7)
INSERT [dbo].[municipios] ([id], [codigo], [municipio], [fk_id_departamentos]) VALUES (90, 706, N'Santa Catarina Ixtahuacán', 7)
INSERT [dbo].[municipios] ([id], [codigo], [municipio], [fk_id_departamentos]) VALUES (91, 707, N'Santa Clara La Laguna', 7)
INSERT [dbo].[municipios] ([id], [codigo], [municipio], [fk_id_departamentos]) VALUES (92, 708, N'Concepción', 7)
INSERT [dbo].[municipios] ([id], [codigo], [municipio], [fk_id_departamentos]) VALUES (93, 709, N'San Andrés Semetabaj', 7)
INSERT [dbo].[municipios] ([id], [codigo], [municipio], [fk_id_departamentos]) VALUES (94, 710, N'Panajachel', 7)
INSERT [dbo].[municipios] ([id], [codigo], [municipio], [fk_id_departamentos]) VALUES (95, 711, N'Santa Catarina Palopó', 7)
INSERT [dbo].[municipios] ([id], [codigo], [municipio], [fk_id_departamentos]) VALUES (96, 712, N'San Antonio Palopó', 7)
INSERT [dbo].[municipios] ([id], [codigo], [municipio], [fk_id_departamentos]) VALUES (97, 713, N'San Lucas Toliman', 7)
INSERT [dbo].[municipios] ([id], [codigo], [municipio], [fk_id_departamentos]) VALUES (98, 714, N'Santa Cruz La Laguna', 7)
INSERT [dbo].[municipios] ([id], [codigo], [municipio], [fk_id_departamentos]) VALUES (99, 715, N'San Pablo La Laguna', 7)
GO
INSERT [dbo].[municipios] ([id], [codigo], [municipio], [fk_id_departamentos]) VALUES (100, 716, N'San Marcos La Laguna', 7)
INSERT [dbo].[municipios] ([id], [codigo], [municipio], [fk_id_departamentos]) VALUES (101, 717, N'San Juan La Laguna', 7)
INSERT [dbo].[municipios] ([id], [codigo], [municipio], [fk_id_departamentos]) VALUES (102, 718, N'San Pedro La Laguna', 7)
INSERT [dbo].[municipios] ([id], [codigo], [municipio], [fk_id_departamentos]) VALUES (103, 719, N'Santiago Atitlán', 7)
INSERT [dbo].[municipios] ([id], [codigo], [municipio], [fk_id_departamentos]) VALUES (104, 801, N'Totonicapán', 8)
INSERT [dbo].[municipios] ([id], [codigo], [municipio], [fk_id_departamentos]) VALUES (105, 802, N'San Cristobal Totonicapán', 8)
INSERT [dbo].[municipios] ([id], [codigo], [municipio], [fk_id_departamentos]) VALUES (106, 803, N'San Francisco El Alto', 8)
INSERT [dbo].[municipios] ([id], [codigo], [municipio], [fk_id_departamentos]) VALUES (107, 804, N'San Andrés Xecul', 8)
INSERT [dbo].[municipios] ([id], [codigo], [municipio], [fk_id_departamentos]) VALUES (108, 805, N'Momostenango', 8)
INSERT [dbo].[municipios] ([id], [codigo], [municipio], [fk_id_departamentos]) VALUES (109, 806, N'Santa María Chiquimula', 8)
INSERT [dbo].[municipios] ([id], [codigo], [municipio], [fk_id_departamentos]) VALUES (110, 807, N'Santa Lucía La Reforma', 8)
INSERT [dbo].[municipios] ([id], [codigo], [municipio], [fk_id_departamentos]) VALUES (111, 808, N'San Bartolo', 8)
INSERT [dbo].[municipios] ([id], [codigo], [municipio], [fk_id_departamentos]) VALUES (112, 901, N'Quetzaltenango', 9)
INSERT [dbo].[municipios] ([id], [codigo], [municipio], [fk_id_departamentos]) VALUES (113, 902, N'Salcajá', 9)
INSERT [dbo].[municipios] ([id], [codigo], [municipio], [fk_id_departamentos]) VALUES (114, 903, N'Olintepeque', 9)
INSERT [dbo].[municipios] ([id], [codigo], [municipio], [fk_id_departamentos]) VALUES (115, 904, N'San Carlos Sija', 9)
INSERT [dbo].[municipios] ([id], [codigo], [municipio], [fk_id_departamentos]) VALUES (116, 905, N'Sibilia', 9)
INSERT [dbo].[municipios] ([id], [codigo], [municipio], [fk_id_departamentos]) VALUES (117, 906, N'Cabricán', 9)
INSERT [dbo].[municipios] ([id], [codigo], [municipio], [fk_id_departamentos]) VALUES (118, 907, N'Cajolá', 9)
INSERT [dbo].[municipios] ([id], [codigo], [municipio], [fk_id_departamentos]) VALUES (119, 908, N'San Miguel Siguilá', 9)
INSERT [dbo].[municipios] ([id], [codigo], [municipio], [fk_id_departamentos]) VALUES (120, 909, N'Ostuncalco', 9)
INSERT [dbo].[municipios] ([id], [codigo], [municipio], [fk_id_departamentos]) VALUES (121, 910, N'San Mateo', 9)
INSERT [dbo].[municipios] ([id], [codigo], [municipio], [fk_id_departamentos]) VALUES (122, 911, N'Concepción Chiquirichapa', 9)
INSERT [dbo].[municipios] ([id], [codigo], [municipio], [fk_id_departamentos]) VALUES (123, 912, N'San Martín Sacatepéquez', 9)
INSERT [dbo].[municipios] ([id], [codigo], [municipio], [fk_id_departamentos]) VALUES (124, 913, N'Almolonga', 9)
INSERT [dbo].[municipios] ([id], [codigo], [municipio], [fk_id_departamentos]) VALUES (125, 914, N'Cantel', 9)
INSERT [dbo].[municipios] ([id], [codigo], [municipio], [fk_id_departamentos]) VALUES (126, 915, N'Huitán', 9)
INSERT [dbo].[municipios] ([id], [codigo], [municipio], [fk_id_departamentos]) VALUES (127, 916, N'Zunil', 9)
INSERT [dbo].[municipios] ([id], [codigo], [municipio], [fk_id_departamentos]) VALUES (128, 917, N'Colomba', 9)
INSERT [dbo].[municipios] ([id], [codigo], [municipio], [fk_id_departamentos]) VALUES (129, 918, N'San Francisco La Unión', 9)
INSERT [dbo].[municipios] ([id], [codigo], [municipio], [fk_id_departamentos]) VALUES (130, 919, N'El Palmar', 9)
INSERT [dbo].[municipios] ([id], [codigo], [municipio], [fk_id_departamentos]) VALUES (131, 920, N'Coatepeque', 9)
INSERT [dbo].[municipios] ([id], [codigo], [municipio], [fk_id_departamentos]) VALUES (132, 921, N'Génova', 9)
INSERT [dbo].[municipios] ([id], [codigo], [municipio], [fk_id_departamentos]) VALUES (133, 922, N'Flores Costa Cuca', 9)
INSERT [dbo].[municipios] ([id], [codigo], [municipio], [fk_id_departamentos]) VALUES (134, 923, N'La Esperanza', 9)
INSERT [dbo].[municipios] ([id], [codigo], [municipio], [fk_id_departamentos]) VALUES (135, 924, N'Palestina de los Altos', 9)
INSERT [dbo].[municipios] ([id], [codigo], [municipio], [fk_id_departamentos]) VALUES (136, 1001, N'Mazatenango', 10)
INSERT [dbo].[municipios] ([id], [codigo], [municipio], [fk_id_departamentos]) VALUES (137, 1002, N'Cuyotenango', 10)
INSERT [dbo].[municipios] ([id], [codigo], [municipio], [fk_id_departamentos]) VALUES (138, 1003, N'San Francisco Zapotitlán', 10)
INSERT [dbo].[municipios] ([id], [codigo], [municipio], [fk_id_departamentos]) VALUES (139, 1004, N'San Bernardino', 10)
INSERT [dbo].[municipios] ([id], [codigo], [municipio], [fk_id_departamentos]) VALUES (140, 1005, N'San José El Idolo', 10)
INSERT [dbo].[municipios] ([id], [codigo], [municipio], [fk_id_departamentos]) VALUES (141, 1006, N'Santo Domingo Suchitepéquez', 10)
INSERT [dbo].[municipios] ([id], [codigo], [municipio], [fk_id_departamentos]) VALUES (142, 1007, N'San Lorenzo', 10)
INSERT [dbo].[municipios] ([id], [codigo], [municipio], [fk_id_departamentos]) VALUES (143, 1008, N'Samayac', 10)
INSERT [dbo].[municipios] ([id], [codigo], [municipio], [fk_id_departamentos]) VALUES (144, 1009, N'San Pablo Jocopilas', 10)
INSERT [dbo].[municipios] ([id], [codigo], [municipio], [fk_id_departamentos]) VALUES (145, 1010, N'San Antonio Suchitepéquez', 10)
INSERT [dbo].[municipios] ([id], [codigo], [municipio], [fk_id_departamentos]) VALUES (146, 1011, N'San Miguel Panán', 10)
INSERT [dbo].[municipios] ([id], [codigo], [municipio], [fk_id_departamentos]) VALUES (147, 1012, N'San Gabriel', 10)
INSERT [dbo].[municipios] ([id], [codigo], [municipio], [fk_id_departamentos]) VALUES (148, 1013, N'Chicacao', 10)
INSERT [dbo].[municipios] ([id], [codigo], [municipio], [fk_id_departamentos]) VALUES (149, 1014, N'Patulul', 10)
INSERT [dbo].[municipios] ([id], [codigo], [municipio], [fk_id_departamentos]) VALUES (150, 1015, N'Santa Bárbara', 10)
INSERT [dbo].[municipios] ([id], [codigo], [municipio], [fk_id_departamentos]) VALUES (151, 1016, N'San Juan Bautista', 10)
INSERT [dbo].[municipios] ([id], [codigo], [municipio], [fk_id_departamentos]) VALUES (152, 1017, N'Santo Tomás La Unión', 10)
INSERT [dbo].[municipios] ([id], [codigo], [municipio], [fk_id_departamentos]) VALUES (153, 1018, N'Zunilito', 10)
INSERT [dbo].[municipios] ([id], [codigo], [municipio], [fk_id_departamentos]) VALUES (154, 1019, N'Pueblo Nuevo', 10)
INSERT [dbo].[municipios] ([id], [codigo], [municipio], [fk_id_departamentos]) VALUES (155, 1020, N'Rio Bravo', 10)
INSERT [dbo].[municipios] ([id], [codigo], [municipio], [fk_id_departamentos]) VALUES (156, 1101, N'Retalhuleu', 11)
INSERT [dbo].[municipios] ([id], [codigo], [municipio], [fk_id_departamentos]) VALUES (157, 1102, N'San Sebastián', 11)
INSERT [dbo].[municipios] ([id], [codigo], [municipio], [fk_id_departamentos]) VALUES (158, 1103, N'Santa Cruz Muluá', 11)
INSERT [dbo].[municipios] ([id], [codigo], [municipio], [fk_id_departamentos]) VALUES (159, 1104, N'San Martín Zapotitlán', 11)
INSERT [dbo].[municipios] ([id], [codigo], [municipio], [fk_id_departamentos]) VALUES (160, 1105, N'San Felipe', 11)
INSERT [dbo].[municipios] ([id], [codigo], [municipio], [fk_id_departamentos]) VALUES (161, 1106, N'San Andrés Villa Seca', 11)
INSERT [dbo].[municipios] ([id], [codigo], [municipio], [fk_id_departamentos]) VALUES (162, 1107, N'Champerico', 11)
INSERT [dbo].[municipios] ([id], [codigo], [municipio], [fk_id_departamentos]) VALUES (163, 1108, N'Nuevo San Carlos', 11)
INSERT [dbo].[municipios] ([id], [codigo], [municipio], [fk_id_departamentos]) VALUES (164, 1109, N'El Asintal', 11)
INSERT [dbo].[municipios] ([id], [codigo], [municipio], [fk_id_departamentos]) VALUES (165, 1201, N'San Marcos', 12)
INSERT [dbo].[municipios] ([id], [codigo], [municipio], [fk_id_departamentos]) VALUES (166, 1202, N'San Pedro Sacatepéquez', 12)
INSERT [dbo].[municipios] ([id], [codigo], [municipio], [fk_id_departamentos]) VALUES (167, 1203, N'San Antonio Sacatepéquez', 12)
INSERT [dbo].[municipios] ([id], [codigo], [municipio], [fk_id_departamentos]) VALUES (168, 1204, N'Comitancillo', 12)
INSERT [dbo].[municipios] ([id], [codigo], [municipio], [fk_id_departamentos]) VALUES (169, 1205, N'San Miguel Ixtahuacán', 12)
INSERT [dbo].[municipios] ([id], [codigo], [municipio], [fk_id_departamentos]) VALUES (170, 1206, N'Concepción Tutuapa', 12)
INSERT [dbo].[municipios] ([id], [codigo], [municipio], [fk_id_departamentos]) VALUES (171, 1207, N'Tacaná', 12)
INSERT [dbo].[municipios] ([id], [codigo], [municipio], [fk_id_departamentos]) VALUES (172, 1208, N'Sibinal', 12)
INSERT [dbo].[municipios] ([id], [codigo], [municipio], [fk_id_departamentos]) VALUES (173, 1209, N'Tajumulco', 12)
INSERT [dbo].[municipios] ([id], [codigo], [municipio], [fk_id_departamentos]) VALUES (174, 1210, N'Tejutla', 12)
INSERT [dbo].[municipios] ([id], [codigo], [municipio], [fk_id_departamentos]) VALUES (175, 1211, N'San Rafael Pié de La Cuesta', 12)
INSERT [dbo].[municipios] ([id], [codigo], [municipio], [fk_id_departamentos]) VALUES (176, 1212, N'Nuevo Progreso', 12)
INSERT [dbo].[municipios] ([id], [codigo], [municipio], [fk_id_departamentos]) VALUES (177, 1213, N'El Tumbador', 12)
INSERT [dbo].[municipios] ([id], [codigo], [municipio], [fk_id_departamentos]) VALUES (178, 1214, N'El Rodeo', 12)
INSERT [dbo].[municipios] ([id], [codigo], [municipio], [fk_id_departamentos]) VALUES (179, 1215, N'Malacatán', 12)
INSERT [dbo].[municipios] ([id], [codigo], [municipio], [fk_id_departamentos]) VALUES (180, 1216, N'Catarina', 12)
INSERT [dbo].[municipios] ([id], [codigo], [municipio], [fk_id_departamentos]) VALUES (181, 1217, N'Ayutla', 12)
INSERT [dbo].[municipios] ([id], [codigo], [municipio], [fk_id_departamentos]) VALUES (182, 1218, N'Ocós', 12)
INSERT [dbo].[municipios] ([id], [codigo], [municipio], [fk_id_departamentos]) VALUES (183, 1219, N'San Pablo', 12)
INSERT [dbo].[municipios] ([id], [codigo], [municipio], [fk_id_departamentos]) VALUES (184, 1220, N'El Quetzal', 12)
INSERT [dbo].[municipios] ([id], [codigo], [municipio], [fk_id_departamentos]) VALUES (185, 1221, N'La Reforma', 12)
INSERT [dbo].[municipios] ([id], [codigo], [municipio], [fk_id_departamentos]) VALUES (186, 1222, N'Pajapita', 12)
INSERT [dbo].[municipios] ([id], [codigo], [municipio], [fk_id_departamentos]) VALUES (187, 1223, N'Ixchiguán', 12)
INSERT [dbo].[municipios] ([id], [codigo], [municipio], [fk_id_departamentos]) VALUES (188, 1224, N'San José Ojetenam', 12)
INSERT [dbo].[municipios] ([id], [codigo], [municipio], [fk_id_departamentos]) VALUES (189, 1225, N'San Cristóbal Cucho', 12)
INSERT [dbo].[municipios] ([id], [codigo], [municipio], [fk_id_departamentos]) VALUES (190, 1226, N'Sipacapa', 12)
INSERT [dbo].[municipios] ([id], [codigo], [municipio], [fk_id_departamentos]) VALUES (191, 1227, N'Esquipulas Palo Gordo', 12)
INSERT [dbo].[municipios] ([id], [codigo], [municipio], [fk_id_departamentos]) VALUES (192, 1228, N'Rio Blanco', 12)
INSERT [dbo].[municipios] ([id], [codigo], [municipio], [fk_id_departamentos]) VALUES (193, 1229, N'San Lorenzo', 12)
INSERT [dbo].[municipios] ([id], [codigo], [municipio], [fk_id_departamentos]) VALUES (194, 1301, N'Huehuetenango', 13)
INSERT [dbo].[municipios] ([id], [codigo], [municipio], [fk_id_departamentos]) VALUES (195, 1302, N'Chiantla', 13)
INSERT [dbo].[municipios] ([id], [codigo], [municipio], [fk_id_departamentos]) VALUES (196, 1303, N'Malacatancito', 13)
INSERT [dbo].[municipios] ([id], [codigo], [municipio], [fk_id_departamentos]) VALUES (197, 1304, N'Cuilco', 13)
INSERT [dbo].[municipios] ([id], [codigo], [municipio], [fk_id_departamentos]) VALUES (198, 1305, N'Nentón', 13)
INSERT [dbo].[municipios] ([id], [codigo], [municipio], [fk_id_departamentos]) VALUES (199, 1306, N'San Pedro Necta', 13)
GO
INSERT [dbo].[municipios] ([id], [codigo], [municipio], [fk_id_departamentos]) VALUES (200, 1307, N'Jacaltenango', 13)
INSERT [dbo].[municipios] ([id], [codigo], [municipio], [fk_id_departamentos]) VALUES (201, 1308, N'Soloma', 13)
INSERT [dbo].[municipios] ([id], [codigo], [municipio], [fk_id_departamentos]) VALUES (202, 1309, N'Ixtahuacán', 13)
INSERT [dbo].[municipios] ([id], [codigo], [municipio], [fk_id_departamentos]) VALUES (203, 1310, N'Santa Bárbara', 13)
INSERT [dbo].[municipios] ([id], [codigo], [municipio], [fk_id_departamentos]) VALUES (204, 1311, N'La Libertad', 13)
INSERT [dbo].[municipios] ([id], [codigo], [municipio], [fk_id_departamentos]) VALUES (205, 1312, N'La Democracia', 13)
INSERT [dbo].[municipios] ([id], [codigo], [municipio], [fk_id_departamentos]) VALUES (206, 1313, N'San Miguel Acatán', 13)
INSERT [dbo].[municipios] ([id], [codigo], [municipio], [fk_id_departamentos]) VALUES (207, 1314, N'San Rafael La Independencia', 13)
INSERT [dbo].[municipios] ([id], [codigo], [municipio], [fk_id_departamentos]) VALUES (208, 1315, N'Todos Santos Cuchumatán', 13)
INSERT [dbo].[municipios] ([id], [codigo], [municipio], [fk_id_departamentos]) VALUES (209, 1316, N'San Juan Atitán', 13)
INSERT [dbo].[municipios] ([id], [codigo], [municipio], [fk_id_departamentos]) VALUES (210, 1317, N'Santa Eulalia', 13)
INSERT [dbo].[municipios] ([id], [codigo], [municipio], [fk_id_departamentos]) VALUES (211, 1318, N'San Mateo Ixtatán', 13)
INSERT [dbo].[municipios] ([id], [codigo], [municipio], [fk_id_departamentos]) VALUES (212, 1319, N'Colotenango', 13)
INSERT [dbo].[municipios] ([id], [codigo], [municipio], [fk_id_departamentos]) VALUES (213, 1320, N'San Sebastián Huehuetenango', 13)
INSERT [dbo].[municipios] ([id], [codigo], [municipio], [fk_id_departamentos]) VALUES (214, 1321, N'Tectitán', 13)
INSERT [dbo].[municipios] ([id], [codigo], [municipio], [fk_id_departamentos]) VALUES (215, 1322, N'Concepción Huista', 13)
INSERT [dbo].[municipios] ([id], [codigo], [municipio], [fk_id_departamentos]) VALUES (216, 1323, N'San Juan Ixcoy', 13)
INSERT [dbo].[municipios] ([id], [codigo], [municipio], [fk_id_departamentos]) VALUES (217, 1324, N'San Antonio Huista', 13)
INSERT [dbo].[municipios] ([id], [codigo], [municipio], [fk_id_departamentos]) VALUES (218, 1325, N'San Sebastián Coatán', 13)
INSERT [dbo].[municipios] ([id], [codigo], [municipio], [fk_id_departamentos]) VALUES (219, 1326, N'Barillas', 13)
INSERT [dbo].[municipios] ([id], [codigo], [municipio], [fk_id_departamentos]) VALUES (220, 1327, N'Aguacatán', 13)
INSERT [dbo].[municipios] ([id], [codigo], [municipio], [fk_id_departamentos]) VALUES (221, 1328, N'San Rafael Petzal', 13)
INSERT [dbo].[municipios] ([id], [codigo], [municipio], [fk_id_departamentos]) VALUES (222, 1329, N'San Gaspar Ixchil', 13)
INSERT [dbo].[municipios] ([id], [codigo], [municipio], [fk_id_departamentos]) VALUES (223, 1330, N'Santiago Chimaltenango', 13)
INSERT [dbo].[municipios] ([id], [codigo], [municipio], [fk_id_departamentos]) VALUES (224, 1331, N'Santa Ana Huista', 13)
INSERT [dbo].[municipios] ([id], [codigo], [municipio], [fk_id_departamentos]) VALUES (225, 1332, N'Unión Cantinil', 13)
INSERT [dbo].[municipios] ([id], [codigo], [municipio], [fk_id_departamentos]) VALUES (226, 1401, N'Santa Cruz del Quiché', 14)
INSERT [dbo].[municipios] ([id], [codigo], [municipio], [fk_id_departamentos]) VALUES (227, 1402, N'Chiché', 14)
INSERT [dbo].[municipios] ([id], [codigo], [municipio], [fk_id_departamentos]) VALUES (228, 1403, N'Chinique', 14)
INSERT [dbo].[municipios] ([id], [codigo], [municipio], [fk_id_departamentos]) VALUES (229, 1404, N'Zacualpa', 14)
INSERT [dbo].[municipios] ([id], [codigo], [municipio], [fk_id_departamentos]) VALUES (230, 1405, N'Chajul', 14)
INSERT [dbo].[municipios] ([id], [codigo], [municipio], [fk_id_departamentos]) VALUES (231, 1406, N'Chichicastenango', 14)
INSERT [dbo].[municipios] ([id], [codigo], [municipio], [fk_id_departamentos]) VALUES (232, 1407, N'Patzité', 14)
INSERT [dbo].[municipios] ([id], [codigo], [municipio], [fk_id_departamentos]) VALUES (233, 1408, N'San Antonio Ilotenango', 14)
INSERT [dbo].[municipios] ([id], [codigo], [municipio], [fk_id_departamentos]) VALUES (234, 1409, N'San Pedro Jocopilas', 14)
INSERT [dbo].[municipios] ([id], [codigo], [municipio], [fk_id_departamentos]) VALUES (235, 1410, N'Cunén', 14)
INSERT [dbo].[municipios] ([id], [codigo], [municipio], [fk_id_departamentos]) VALUES (236, 1411, N'San Juan Cotzal', 14)
INSERT [dbo].[municipios] ([id], [codigo], [municipio], [fk_id_departamentos]) VALUES (237, 1412, N'Joyabaj', 14)
INSERT [dbo].[municipios] ([id], [codigo], [municipio], [fk_id_departamentos]) VALUES (238, 1413, N'Nebaj', 14)
INSERT [dbo].[municipios] ([id], [codigo], [municipio], [fk_id_departamentos]) VALUES (239, 1414, N'San Andrés Sajcabajá', 14)
INSERT [dbo].[municipios] ([id], [codigo], [municipio], [fk_id_departamentos]) VALUES (240, 1415, N'Uspantán', 14)
INSERT [dbo].[municipios] ([id], [codigo], [municipio], [fk_id_departamentos]) VALUES (241, 1416, N'Sacapulas', 14)
INSERT [dbo].[municipios] ([id], [codigo], [municipio], [fk_id_departamentos]) VALUES (242, 1417, N'San Bartolomé Jocotenango', 14)
INSERT [dbo].[municipios] ([id], [codigo], [municipio], [fk_id_departamentos]) VALUES (243, 1418, N'Canillá', 14)
INSERT [dbo].[municipios] ([id], [codigo], [municipio], [fk_id_departamentos]) VALUES (244, 1419, N'Chicamán', 14)
INSERT [dbo].[municipios] ([id], [codigo], [municipio], [fk_id_departamentos]) VALUES (245, 1420, N'Ixcán', 14)
INSERT [dbo].[municipios] ([id], [codigo], [municipio], [fk_id_departamentos]) VALUES (246, 1421, N'Pachalum', 14)
INSERT [dbo].[municipios] ([id], [codigo], [municipio], [fk_id_departamentos]) VALUES (247, 1501, N'Salamá', 15)
INSERT [dbo].[municipios] ([id], [codigo], [municipio], [fk_id_departamentos]) VALUES (248, 1502, N'San Miguel Chicaj', 15)
INSERT [dbo].[municipios] ([id], [codigo], [municipio], [fk_id_departamentos]) VALUES (249, 1503, N'Rabinal', 15)
INSERT [dbo].[municipios] ([id], [codigo], [municipio], [fk_id_departamentos]) VALUES (250, 1504, N'Cubulco', 15)
INSERT [dbo].[municipios] ([id], [codigo], [municipio], [fk_id_departamentos]) VALUES (251, 1505, N'Granados', 15)
INSERT [dbo].[municipios] ([id], [codigo], [municipio], [fk_id_departamentos]) VALUES (252, 1506, N'El Chol', 15)
INSERT [dbo].[municipios] ([id], [codigo], [municipio], [fk_id_departamentos]) VALUES (253, 1507, N'San Jerónimo', 15)
INSERT [dbo].[municipios] ([id], [codigo], [municipio], [fk_id_departamentos]) VALUES (254, 1508, N'Purulhá', 15)
INSERT [dbo].[municipios] ([id], [codigo], [municipio], [fk_id_departamentos]) VALUES (255, 1601, N'Cobán', 16)
INSERT [dbo].[municipios] ([id], [codigo], [municipio], [fk_id_departamentos]) VALUES (256, 1602, N'Santa Cruz Verapaz', 16)
INSERT [dbo].[municipios] ([id], [codigo], [municipio], [fk_id_departamentos]) VALUES (257, 1603, N'San Cristóbal Verapaz', 16)
INSERT [dbo].[municipios] ([id], [codigo], [municipio], [fk_id_departamentos]) VALUES (258, 1604, N'Tactic', 16)
INSERT [dbo].[municipios] ([id], [codigo], [municipio], [fk_id_departamentos]) VALUES (259, 1605, N'Tamahú', 16)
INSERT [dbo].[municipios] ([id], [codigo], [municipio], [fk_id_departamentos]) VALUES (260, 1606, N'Tucurú', 16)
INSERT [dbo].[municipios] ([id], [codigo], [municipio], [fk_id_departamentos]) VALUES (261, 1607, N'Panzós', 16)
INSERT [dbo].[municipios] ([id], [codigo], [municipio], [fk_id_departamentos]) VALUES (262, 1608, N'Senahú', 16)
INSERT [dbo].[municipios] ([id], [codigo], [municipio], [fk_id_departamentos]) VALUES (263, 1609, N'San Pedro Carchá', 16)
INSERT [dbo].[municipios] ([id], [codigo], [municipio], [fk_id_departamentos]) VALUES (264, 1610, N'San Juan Chamelco', 16)
INSERT [dbo].[municipios] ([id], [codigo], [municipio], [fk_id_departamentos]) VALUES (265, 1611, N'Lanquín', 16)
INSERT [dbo].[municipios] ([id], [codigo], [municipio], [fk_id_departamentos]) VALUES (266, 1612, N'Cahabón', 16)
INSERT [dbo].[municipios] ([id], [codigo], [municipio], [fk_id_departamentos]) VALUES (267, 1613, N'Chisec', 16)
INSERT [dbo].[municipios] ([id], [codigo], [municipio], [fk_id_departamentos]) VALUES (268, 1614, N'Chahal', 16)
INSERT [dbo].[municipios] ([id], [codigo], [municipio], [fk_id_departamentos]) VALUES (269, 1615, N'Fray Bartolomé de Las Casas', 16)
INSERT [dbo].[municipios] ([id], [codigo], [municipio], [fk_id_departamentos]) VALUES (270, 1616, N'Santa Catalina la Tinta', 16)
INSERT [dbo].[municipios] ([id], [codigo], [municipio], [fk_id_departamentos]) VALUES (271, 1617, N'Raxruhá', 16)
INSERT [dbo].[municipios] ([id], [codigo], [municipio], [fk_id_departamentos]) VALUES (272, 1701, N'Flores', 17)
INSERT [dbo].[municipios] ([id], [codigo], [municipio], [fk_id_departamentos]) VALUES (273, 1702, N'San José', 17)
INSERT [dbo].[municipios] ([id], [codigo], [municipio], [fk_id_departamentos]) VALUES (274, 1703, N'San Benito', 17)
INSERT [dbo].[municipios] ([id], [codigo], [municipio], [fk_id_departamentos]) VALUES (275, 1704, N'San Andrés', 17)
INSERT [dbo].[municipios] ([id], [codigo], [municipio], [fk_id_departamentos]) VALUES (276, 1705, N'La Libertad', 17)
INSERT [dbo].[municipios] ([id], [codigo], [municipio], [fk_id_departamentos]) VALUES (277, 1706, N'San Francisco', 17)
INSERT [dbo].[municipios] ([id], [codigo], [municipio], [fk_id_departamentos]) VALUES (278, 1707, N'Santa Ana', 17)
INSERT [dbo].[municipios] ([id], [codigo], [municipio], [fk_id_departamentos]) VALUES (279, 1708, N'Dolores', 17)
INSERT [dbo].[municipios] ([id], [codigo], [municipio], [fk_id_departamentos]) VALUES (280, 1709, N'San Luis', 17)
INSERT [dbo].[municipios] ([id], [codigo], [municipio], [fk_id_departamentos]) VALUES (281, 1710, N'Sayaxché', 17)
INSERT [dbo].[municipios] ([id], [codigo], [municipio], [fk_id_departamentos]) VALUES (282, 1711, N'Melchor de Mencos', 17)
INSERT [dbo].[municipios] ([id], [codigo], [municipio], [fk_id_departamentos]) VALUES (283, 1712, N'Poptún', 17)
INSERT [dbo].[municipios] ([id], [codigo], [municipio], [fk_id_departamentos]) VALUES (284, 1713, N'Las cruces', 17)
INSERT [dbo].[municipios] ([id], [codigo], [municipio], [fk_id_departamentos]) VALUES (285, 1801, N'Puerto Barrios', 18)
INSERT [dbo].[municipios] ([id], [codigo], [municipio], [fk_id_departamentos]) VALUES (286, 1802, N'Livingston', 18)
INSERT [dbo].[municipios] ([id], [codigo], [municipio], [fk_id_departamentos]) VALUES (287, 1803, N'El Estor', 18)
INSERT [dbo].[municipios] ([id], [codigo], [municipio], [fk_id_departamentos]) VALUES (288, 1804, N'Morales', 18)
INSERT [dbo].[municipios] ([id], [codigo], [municipio], [fk_id_departamentos]) VALUES (289, 1805, N'Los Amates', 18)
INSERT [dbo].[municipios] ([id], [codigo], [municipio], [fk_id_departamentos]) VALUES (290, 1901, N'Zacapa', 19)
INSERT [dbo].[municipios] ([id], [codigo], [municipio], [fk_id_departamentos]) VALUES (291, 1902, N'Estanzuela', 19)
INSERT [dbo].[municipios] ([id], [codigo], [municipio], [fk_id_departamentos]) VALUES (292, 1903, N'Río Hondo', 19)
INSERT [dbo].[municipios] ([id], [codigo], [municipio], [fk_id_departamentos]) VALUES (293, 1904, N'Gualán', 19)
INSERT [dbo].[municipios] ([id], [codigo], [municipio], [fk_id_departamentos]) VALUES (294, 1905, N'Teculután', 19)
INSERT [dbo].[municipios] ([id], [codigo], [municipio], [fk_id_departamentos]) VALUES (295, 1906, N'Usumatlán', 19)
INSERT [dbo].[municipios] ([id], [codigo], [municipio], [fk_id_departamentos]) VALUES (296, 1907, N'Cabañas', 19)
INSERT [dbo].[municipios] ([id], [codigo], [municipio], [fk_id_departamentos]) VALUES (297, 1908, N'San Diego', 19)
INSERT [dbo].[municipios] ([id], [codigo], [municipio], [fk_id_departamentos]) VALUES (298, 1909, N'La Unión', 19)
INSERT [dbo].[municipios] ([id], [codigo], [municipio], [fk_id_departamentos]) VALUES (299, 1910, N'Huité', 19)
GO
INSERT [dbo].[municipios] ([id], [codigo], [municipio], [fk_id_departamentos]) VALUES (300, 2001, N'Chiquimula', 20)
INSERT [dbo].[municipios] ([id], [codigo], [municipio], [fk_id_departamentos]) VALUES (301, 2002, N'San José La Arada', 20)
INSERT [dbo].[municipios] ([id], [codigo], [municipio], [fk_id_departamentos]) VALUES (302, 2003, N'San Juan Erminta', 20)
INSERT [dbo].[municipios] ([id], [codigo], [municipio], [fk_id_departamentos]) VALUES (303, 2004, N'Jocotán', 20)
INSERT [dbo].[municipios] ([id], [codigo], [municipio], [fk_id_departamentos]) VALUES (304, 2005, N'Camotán', 20)
INSERT [dbo].[municipios] ([id], [codigo], [municipio], [fk_id_departamentos]) VALUES (305, 2006, N'Olopa', 20)
INSERT [dbo].[municipios] ([id], [codigo], [municipio], [fk_id_departamentos]) VALUES (306, 2007, N'Esquipulas', 20)
INSERT [dbo].[municipios] ([id], [codigo], [municipio], [fk_id_departamentos]) VALUES (307, 2008, N'Concepción Las Minas', 20)
INSERT [dbo].[municipios] ([id], [codigo], [municipio], [fk_id_departamentos]) VALUES (308, 2009, N'Quetzaltepeque', 20)
INSERT [dbo].[municipios] ([id], [codigo], [municipio], [fk_id_departamentos]) VALUES (309, 2010, N'San Jacinto', 20)
INSERT [dbo].[municipios] ([id], [codigo], [municipio], [fk_id_departamentos]) VALUES (310, 2011, N'Ipala', 20)
INSERT [dbo].[municipios] ([id], [codigo], [municipio], [fk_id_departamentos]) VALUES (311, 2101, N'Jalapa', 21)
INSERT [dbo].[municipios] ([id], [codigo], [municipio], [fk_id_departamentos]) VALUES (312, 2102, N'San Pedro Pinula', 21)
INSERT [dbo].[municipios] ([id], [codigo], [municipio], [fk_id_departamentos]) VALUES (313, 2103, N'San Luis Jilotepeque', 21)
INSERT [dbo].[municipios] ([id], [codigo], [municipio], [fk_id_departamentos]) VALUES (314, 2104, N'San Manuel Chaparrón', 21)
INSERT [dbo].[municipios] ([id], [codigo], [municipio], [fk_id_departamentos]) VALUES (315, 2105, N'San Carlos Alzatate', 21)
INSERT [dbo].[municipios] ([id], [codigo], [municipio], [fk_id_departamentos]) VALUES (316, 2106, N'Monjas', 21)
INSERT [dbo].[municipios] ([id], [codigo], [municipio], [fk_id_departamentos]) VALUES (317, 2107, N'Mataquescuintla', 21)
INSERT [dbo].[municipios] ([id], [codigo], [municipio], [fk_id_departamentos]) VALUES (318, 2201, N'Jutiapa', 22)
INSERT [dbo].[municipios] ([id], [codigo], [municipio], [fk_id_departamentos]) VALUES (319, 2202, N'El Progreso', 22)
INSERT [dbo].[municipios] ([id], [codigo], [municipio], [fk_id_departamentos]) VALUES (320, 2203, N'Santa Catarina Mita', 22)
INSERT [dbo].[municipios] ([id], [codigo], [municipio], [fk_id_departamentos]) VALUES (321, 2204, N'Agua Blanca', 22)
INSERT [dbo].[municipios] ([id], [codigo], [municipio], [fk_id_departamentos]) VALUES (322, 2205, N'Asunción Mita', 22)
INSERT [dbo].[municipios] ([id], [codigo], [municipio], [fk_id_departamentos]) VALUES (323, 2206, N'Yupiltepeque', 22)
INSERT [dbo].[municipios] ([id], [codigo], [municipio], [fk_id_departamentos]) VALUES (324, 2207, N'Atescatempa', 22)
INSERT [dbo].[municipios] ([id], [codigo], [municipio], [fk_id_departamentos]) VALUES (325, 2208, N'Jerez', 22)
INSERT [dbo].[municipios] ([id], [codigo], [municipio], [fk_id_departamentos]) VALUES (326, 2209, N'El Adelanto', 22)
INSERT [dbo].[municipios] ([id], [codigo], [municipio], [fk_id_departamentos]) VALUES (327, 2210, N'Zapotitlán', 22)
INSERT [dbo].[municipios] ([id], [codigo], [municipio], [fk_id_departamentos]) VALUES (328, 2211, N'Comapa', 22)
INSERT [dbo].[municipios] ([id], [codigo], [municipio], [fk_id_departamentos]) VALUES (329, 2212, N'Jalpatagua', 22)
INSERT [dbo].[municipios] ([id], [codigo], [municipio], [fk_id_departamentos]) VALUES (330, 2213, N'Conguaco', 22)
INSERT [dbo].[municipios] ([id], [codigo], [municipio], [fk_id_departamentos]) VALUES (331, 2214, N'Moyuta', 22)
INSERT [dbo].[municipios] ([id], [codigo], [municipio], [fk_id_departamentos]) VALUES (332, 2215, N'Pasaco', 22)
INSERT [dbo].[municipios] ([id], [codigo], [municipio], [fk_id_departamentos]) VALUES (333, 2216, N'San José Acatempa', 22)
INSERT [dbo].[municipios] ([id], [codigo], [municipio], [fk_id_departamentos]) VALUES (334, 2217, N'Quezada', 22)
INSERT [dbo].[municipios] ([id], [codigo], [municipio], [fk_id_departamentos]) VALUES (335, 1332, N'Petatán', 13)
SET IDENTITY_INSERT [dbo].[municipios] OFF
SET IDENTITY_INSERT [dbo].[edificios] ON 

INSERT [dbo].[edificios] ([id], [edificio]) VALUES (1, N'Edificio 1')
INSERT [dbo].[edificios] ([id], [edificio]) VALUES (2, N'Edificio 2')
SET IDENTITY_INSERT [dbo].[edificios] OFF
SET IDENTITY_INSERT [dbo].[oficinas] ON 

INSERT [dbo].[oficinas] ([id], [oficina], [fk_id_edificio]) VALUES (1, N'Oficina 1', 1)
INSERT [dbo].[oficinas] ([id], [oficina], [fk_id_edificio]) VALUES (2, N'Oficina 2', 1)
INSERT [dbo].[oficinas] ([id], [oficina], [fk_id_edificio]) VALUES (3, N'Oficina 3', 1)
INSERT [dbo].[oficinas] ([id], [oficina], [fk_id_edificio]) VALUES (4, N'Oficina 4', 1)
INSERT [dbo].[oficinas] ([id], [oficina], [fk_id_edificio]) VALUES (5, N'Oficina 5', 1)
INSERT [dbo].[oficinas] ([id], [oficina], [fk_id_edificio]) VALUES (6, N'Oficina 6', 1)
INSERT [dbo].[oficinas] ([id], [oficina], [fk_id_edificio]) VALUES (7, N'Oficina 7', 1)
INSERT [dbo].[oficinas] ([id], [oficina], [fk_id_edificio]) VALUES (8, N'Oficina 8', 1)
INSERT [dbo].[oficinas] ([id], [oficina], [fk_id_edificio]) VALUES (9, N'Oficina 9', 1)
INSERT [dbo].[oficinas] ([id], [oficina], [fk_id_edificio]) VALUES (10, N'Oficina 10', 1)
INSERT [dbo].[oficinas] ([id], [oficina], [fk_id_edificio]) VALUES (11, N'Oficina 11', 1)
INSERT [dbo].[oficinas] ([id], [oficina], [fk_id_edificio]) VALUES (12, N'Oficina 12', 1)
INSERT [dbo].[oficinas] ([id], [oficina], [fk_id_edificio]) VALUES (13, N'Oficina 13', 1)
INSERT [dbo].[oficinas] ([id], [oficina], [fk_id_edificio]) VALUES (14, N'Oficina 1', 2)
INSERT [dbo].[oficinas] ([id], [oficina], [fk_id_edificio]) VALUES (15, N'Oficina 2', 2)
INSERT [dbo].[oficinas] ([id], [oficina], [fk_id_edificio]) VALUES (16, N'Oficina 3', 2)
INSERT [dbo].[oficinas] ([id], [oficina], [fk_id_edificio]) VALUES (17, N'Oficina 4', 2)
INSERT [dbo].[oficinas] ([id], [oficina], [fk_id_edificio]) VALUES (18, N'Oficina 6', 2)
INSERT [dbo].[oficinas] ([id], [oficina], [fk_id_edificio]) VALUES (19, N'Oficina 7', 2)
INSERT [dbo].[oficinas] ([id], [oficina], [fk_id_edificio]) VALUES (20, N'Oficina 9', 2)
INSERT [dbo].[oficinas] ([id], [oficina], [fk_id_edificio]) VALUES (21, N'Oficina 10', 2)
INSERT [dbo].[oficinas] ([id], [oficina], [fk_id_edificio]) VALUES (22, N'Oficina 13', 2)
INSERT [dbo].[oficinas] ([id], [oficina], [fk_id_edificio]) VALUES (23, N'Oficina 14', 2)
INSERT [dbo].[oficinas] ([id], [oficina], [fk_id_edificio]) VALUES (24, N'Oficina 16', 2)
INSERT [dbo].[oficinas] ([id], [oficina], [fk_id_edificio]) VALUES (25, N'Oficina 17', 2)
INSERT [dbo].[oficinas] ([id], [oficina], [fk_id_edificio]) VALUES (26, N'Oficina 18', 2)
INSERT [dbo].[oficinas] ([id], [oficina], [fk_id_edificio]) VALUES (27, N'Oficina 19', 2)
INSERT [dbo].[oficinas] ([id], [oficina], [fk_id_edificio]) VALUES (28, N'Oficina 20', 2)
INSERT [dbo].[oficinas] ([id], [oficina], [fk_id_edificio]) VALUES (29, N'Oficina 22', 2)
INSERT [dbo].[oficinas] ([id], [oficina], [fk_id_edificio]) VALUES (30, N'Sin Oficina', 1)
SET IDENTITY_INSERT [dbo].[oficinas] OFF
SET IDENTITY_INSERT [dbo].[roles] ON 

INSERT [dbo].[roles] ([id], [rol]) VALUES (1, N'Super Administrador')
INSERT [dbo].[roles] ([id], [rol]) VALUES (2, N'Administrador')
INSERT [dbo].[roles] ([id], [rol]) VALUES (3, N'Colaborador 1')
INSERT [dbo].[roles] ([id], [rol]) VALUES (4, N'Colaborador 2')
SET IDENTITY_INSERT [dbo].[roles] OFF
SET IDENTITY_INSERT [dbo].[funcionarios] ON 

INSERT [dbo].[funcionarios] ([id], [dpi], [nombre1], [nombre2], [apellido1], [apellido2], [fk_id_oficina], [pass], [fk_id_rol], [estado]) VALUES (1, 50921855, N'Dany', N'Fernando', N'Miranda', N'Hernandez', 1, 0x02000000578C111534E90CD20CF64E21A64311BBB0EA0FBCA256DFB112046AB91B38CCFED21914B34DB18F6C59C2C996A6FE5F19, 1, 1)
INSERT [dbo].[funcionarios] ([id], [dpi], [nombre1], [nombre2], [apellido1], [apellido2], [fk_id_oficina], [pass], [fk_id_rol], [estado]) VALUES (2, 42579154, N'Leonora', N'Beatríz', N'Méndez', N'Solórzano', 30, 0x02000000625ADA358A9FF4E62F4EC217633C200C5137ED3190C34F628F2878CE6DE30EDA9814BC7F89535886D1DFBA4A0865EAA4, 3, 1)
INSERT [dbo].[funcionarios] ([id], [dpi], [nombre1], [nombre2], [apellido1], [apellido2], [fk_id_oficina], [pass], [fk_id_rol], [estado]) VALUES (3, 29441865, N'Wendy', N'Vanessa', N'López', N'Tello', 4, 0x02000000ED9AC71E2842375D4060B724B22FD72EAA63134D0778381A22BBA5247C0B35F038F52DC9D7EBEBD8E5816CEBCB0E0FE1, 3, 1)
INSERT [dbo].[funcionarios] ([id], [dpi], [nombre1], [nombre2], [apellido1], [apellido2], [fk_id_oficina], [pass], [fk_id_rol], [estado]) VALUES (4, 15131608, N'Melva', N'Magdalena', N'Xicarà', N'Lòpez', 30, 0x0200000067E88FF570F1B04D56884AB88478CC566FF087C2D3E6AF6477FE91BC0B9C3D0288DD8126087E889467626D8F46BD8DAF, 3, 1)
INSERT [dbo].[funcionarios] ([id], [dpi], [nombre1], [nombre2], [apellido1], [apellido2], [fk_id_oficina], [pass], [fk_id_rol], [estado]) VALUES (5, 51588227, N'Frank', N'Noé', N'López', N'Martínez', 1, 0x0200000009C76DCAF0CCBC1EBA5A2F39A951FD4CA8E8F2E9ADCBF86B0EBB02CC461F4028ACB6F00A2332C2B510A0CA17C0DA90EF, 3, 1)
INSERT [dbo].[funcionarios] ([id], [dpi], [nombre1], [nombre2], [apellido1], [apellido2], [fk_id_oficina], [pass], [fk_id_rol], [estado]) VALUES (6, 52238967, N'Miriam', N'Bernarda', N'López', N'López', 5, 0x02000000A3AC71DCB829CD40C12A7997C81FB7151CB4ABBC020846D19FD4CE61F31783B092E8DF75396DA89D02083DE6FDA5E998, 3, 1)
INSERT [dbo].[funcionarios] ([id], [dpi], [nombre1], [nombre2], [apellido1], [apellido2], [fk_id_oficina], [pass], [fk_id_rol], [estado]) VALUES (7, 88707951, N'Lilian', N'Kiomara', N'Martínez', N'Samayoa', 5, 0x020000004648EC351F1698DB60CB2A61D6CB211FA2E96C8D5EC3F7692427D444192F4FCC81A5F819FBE782F453C8FF21426150EC, 3, 1)
INSERT [dbo].[funcionarios] ([id], [dpi], [nombre1], [nombre2], [apellido1], [apellido2], [fk_id_oficina], [pass], [fk_id_rol], [estado]) VALUES (8, 61035858, N'Eberth', N'José', N'Camas', N'Gómez', 5, 0x020000004C05A3AFE70070A0F4A558DE7E1DFFFDD6E8FC402004496C954C85E0F8D4B6DCDE4544AFB902BBB87BCFF52B416501B2, 3, 1)
INSERT [dbo].[funcionarios] ([id], [dpi], [nombre1], [nombre2], [apellido1], [apellido2], [fk_id_oficina], [pass], [fk_id_rol], [estado]) VALUES (9, 31079059, N'Calixto', N'Eliseo', N'Gómez', N'Sosa', 5, 0x020000003B8EE69763A8AF0ADA5BEC54F6158D6BEA81E656059F0733C86154AB079222172F73B1BD47860A7E7C54C335242C44AC, 3, 1)
INSERT [dbo].[funcionarios] ([id], [dpi], [nombre1], [nombre2], [apellido1], [apellido2], [fk_id_oficina], [pass], [fk_id_rol], [estado]) VALUES (10, 55349890, N'Ana', N'Lucrecia', N'García', N'Makepeace', 3, 0x02000000858E58ED0B4716932B2030F02B3323E7C6D0D995EAEE98CDC4C22A05F23D1976331C6401BB839DEE573F746FFB259127, 3, 1)
INSERT [dbo].[funcionarios] ([id], [dpi], [nombre1], [nombre2], [apellido1], [apellido2], [fk_id_oficina], [pass], [fk_id_rol], [estado]) VALUES (11, 68402965, N'Willy', N'Antonio', N'Barrios', N'Molina', 27, 0x0200000046F5897B3589C411EDC0A364D0E598B991BB56C237FA0A326713628D2F610054FFEA4A8899BF656C77E8D7A9C5FD2BE7, 3, 1)
INSERT [dbo].[funcionarios] ([id], [dpi], [nombre1], [nombre2], [apellido1], [apellido2], [fk_id_oficina], [pass], [fk_id_rol], [estado]) VALUES (12, 94939495, N'Elida', N'Yohana', N'Castillo', N'Villatoro', 28, 0x02000000572844232288D2891B56C8EEA7BD4EE3796C43C51D76DE154D9455A196A1AA3D86D39E332446F6E9C7E0C0BBDDC65639, 3, 1)
INSERT [dbo].[funcionarios] ([id], [dpi], [nombre1], [nombre2], [apellido1], [apellido2], [fk_id_oficina], [pass], [fk_id_rol], [estado]) VALUES (13, 51516019, N'Cintia', N'María', N'Canahuí', N'Tello', 28, 0x020000004CFB45E1F5588FE0BFD646CAB183122541850E8543B0B9D367AE7A9D5DD0AA5B8DB63E9920D75D91A3CC3699F8E7F9B6, 3, 1)
INSERT [dbo].[funcionarios] ([id], [dpi], [nombre1], [nombre2], [apellido1], [apellido2], [fk_id_oficina], [pass], [fk_id_rol], [estado]) VALUES (14, 60554466, N'Rudy', N'Carlos', N'Armando', N'Morales', 30, 0x0200000048FD0C46748101AACD9F3ED739006B8C1144AA700D0B7CE15F4C11E1F5767890437B0B5303216871978398B68C48D70D, 3, 1)
INSERT [dbo].[funcionarios] ([id], [dpi], [nombre1], [nombre2], [apellido1], [apellido2], [fk_id_oficina], [pass], [fk_id_rol], [estado]) VALUES (15, 57718516, N'Martha', N'Patricia', N'Villatoro', N'Hernández', 30, 0x020000006CA4280F357EC05691DF6E536815530B7FF92893527C8980284AB71178DA5991BE76E3BC7692FC60C7B04DFF6C66AD3B, 3, 1)
INSERT [dbo].[funcionarios] ([id], [dpi], [nombre1], [nombre2], [apellido1], [apellido2], [fk_id_oficina], [pass], [fk_id_rol], [estado]) VALUES (16, 10984383, N'Humberto', N'Alfonso', N'Hurtado', N'Castillo', 7, 0x02000000B43131DFEE85BCDC72D655132CCEA5014822B1200AE0035671AFDC8A020B57F4CA644F94AF8C6846A6248D5C26DC8871, 3, 1)
INSERT [dbo].[funcionarios] ([id], [dpi], [nombre1], [nombre2], [apellido1], [apellido2], [fk_id_oficina], [pass], [fk_id_rol], [estado]) VALUES (17, 37903057, N'Brenda', N'Yesenia', N'López', N'Rodríguuez', 30, 0x020000009EEABB43F827C1FAF1444C526215E064DE289F3A49D30284914345C6014F02A8CF48D750CB5109F4F92674E4AF2820A6, 3, 1)
INSERT [dbo].[funcionarios] ([id], [dpi], [nombre1], [nombre2], [apellido1], [apellido2], [fk_id_oficina], [pass], [fk_id_rol], [estado]) VALUES (18, 28603010, N'Heber', N'Anael', N'Carillo', N'Palacios', 10, 0x020000001E7CAD29540AA84CC904DA0211219E06912159C44C0E9EDF176B5A328158D3B8DF0D27E2B3220EAB1E23D4C23D3381A1, 3, 1)
INSERT [dbo].[funcionarios] ([id], [dpi], [nombre1], [nombre2], [apellido1], [apellido2], [fk_id_oficina], [pass], [fk_id_rol], [estado]) VALUES (19, 66877843, N'Edy', N'Wosbely', N'Vásquez', N'Gómez', 10, 0x020000006030BE364FC6989516AB63F16627AC77DEDB5AD7B171DF7E3FC0CCF3F70FE06C85E9C01D03D9A657FB4F9A1424AF3BD4, 3, 1)
INSERT [dbo].[funcionarios] ([id], [dpi], [nombre1], [nombre2], [apellido1], [apellido2], [fk_id_oficina], [pass], [fk_id_rol], [estado]) VALUES (20, 27852990, N'Selene', N'Estefani', N'Martínez', N'García', 10, 0x020000009EC74F4CA17D9E10DA3E77C0C37A5FA3029D07CF0C2A209121DCA842A8A06919B59B17C1189422F9C5ACF6C62458E285, 3, 1)
INSERT [dbo].[funcionarios] ([id], [dpi], [nombre1], [nombre2], [apellido1], [apellido2], [fk_id_oficina], [pass], [fk_id_rol], [estado]) VALUES (21, 28364641, N'Norayda', N'Nineth', N'Ramos', N'Pascual', 30, 0x02000000BE29A414C590458127AD0AF69EC3264B64B321DF8521A7856CD963B785DACB9153A790B9E7819388AE5166C7C11190D5, 3, 1)
INSERT [dbo].[funcionarios] ([id], [dpi], [nombre1], [nombre2], [apellido1], [apellido2], [fk_id_oficina], [pass], [fk_id_rol], [estado]) VALUES (22, 41720332, N'Luis', N'', N'Alberto', N'Torres', 11, 0x0200000075386E13309BFFBA8ED121A3B150D0A8E2274E7259E869D4B7F64B0162AF4ED27EB069626EBC52348DF5E85ADFD59F61, 3, 1)
INSERT [dbo].[funcionarios] ([id], [dpi], [nombre1], [nombre2], [apellido1], [apellido2], [fk_id_oficina], [pass], [fk_id_rol], [estado]) VALUES (23, 24432738, N'Artemio', N'Rolando', N'Martínez', N'', 30, 0x02000000DB8935B3C135B910CADD4BF0AC9A5C63E6C730F6B85F14500E32FC728FAB58EEBDA8E762DF6D763347044C0B3C5DF71B, 3, 1)
INSERT [dbo].[funcionarios] ([id], [dpi], [nombre1], [nombre2], [apellido1], [apellido2], [fk_id_oficina], [pass], [fk_id_rol], [estado]) VALUES (24, 72840534, N'Oscar', N'Marco', N'Antonio', N'González', 10, 0x0200000069E677B092929E590B8B9082537EB111206F091ACDC638EFE48047FADDBD3AC8BDF36734EF83B978EA34D6A42BDBBDA5, 3, 1)
INSERT [dbo].[funcionarios] ([id], [dpi], [nombre1], [nombre2], [apellido1], [apellido2], [fk_id_oficina], [pass], [fk_id_rol], [estado]) VALUES (25, 15459927, N'Gloria', N'Luz', N'Villatoro', N'Cardona', 13, 0x02000000742527958BCD25D34167E6C7FBC1207F415007FBF485D13A3CECFDBCAE07E0AD05BBD9854B327FE271532908C4540425, 3, 1)
INSERT [dbo].[funcionarios] ([id], [dpi], [nombre1], [nombre2], [apellido1], [apellido2], [fk_id_oficina], [pass], [fk_id_rol], [estado]) VALUES (26, 72567139, N'Glendy', N'Marisol', N'Aguirre', N'Morales', 30, 0x02000000A6C158C179F340FD983F45531C6D82F4C6A1D3F3CC10990AF3D5A77177281E708B4F2184F85BB97CE2C8B2EB2C9E244E, 3, 1)
INSERT [dbo].[funcionarios] ([id], [dpi], [nombre1], [nombre2], [apellido1], [apellido2], [fk_id_oficina], [pass], [fk_id_rol], [estado]) VALUES (27, 21776133, N'Lilian', N'Nohemí', N'Morales', N'García', 30, 0x0200000026A4F0C1F56FA06DDB6A37BCE8700E9D4FBE789FE8A717FC252338FC357FCC845B91B47AEF8B5C7F9DD628D03EC3C04A, 3, 1)
INSERT [dbo].[funcionarios] ([id], [dpi], [nombre1], [nombre2], [apellido1], [apellido2], [fk_id_oficina], [pass], [fk_id_rol], [estado]) VALUES (28, 65882523, N'Rolando', N'Otoniel', N'Guevara', N'Recinos', 12, 0x020000006EAC230B64D2B5BF31B65B73B5EDF13A5C33F2916B07E222E3F12E2C9C2B3A0501D6CC511CD07C7CD0F81A11B2DB2543, 3, 1)
INSERT [dbo].[funcionarios] ([id], [dpi], [nombre1], [nombre2], [apellido1], [apellido2], [fk_id_oficina], [pass], [fk_id_rol], [estado]) VALUES (29, 53859007, N'Irene', N'Yolanda', N'Díaz', N'Reyes', 12, 0x0200000016920E70067031A7CBF275F81DA99C439F79930D70E52B9834EF4730898F5951FD6E7E566DE8FFD04687E16088B3CE28, 3, 1)
INSERT [dbo].[funcionarios] ([id], [dpi], [nombre1], [nombre2], [apellido1], [apellido2], [fk_id_oficina], [pass], [fk_id_rol], [estado]) VALUES (30, 80721250, N'Jorge', N'Ernesto', N'Figueroa', N'Martínez', 12, 0x02000000AAC75D1E7F98AA00A1D0563B0614CE777AC6DB20E4DF180BF564998BE74A62C0F9187BD6E523FD13EEBF83EE5C809D90, 3, 1)
INSERT [dbo].[funcionarios] ([id], [dpi], [nombre1], [nombre2], [apellido1], [apellido2], [fk_id_oficina], [pass], [fk_id_rol], [estado]) VALUES (31, 19143650, N'Beverlly', N'Johanna', N'Rodríguez', N'Cano', 10, 0x02000000AD5CF1D11A24416FF66F30F432FF9E6D1C88FD4433C4BEBD2C3356A89BC84B0B2D87E123B383FCDCDAEFD8ABDB10D6DC, 3, 1)
INSERT [dbo].[funcionarios] ([id], [dpi], [nombre1], [nombre2], [apellido1], [apellido2], [fk_id_oficina], [pass], [fk_id_rol], [estado]) VALUES (32, 47406372, N'César', N'Augusto', N'López', N'Ortiz', 18, 0x02000000A405D30BAA21D13C5211CBF6ECD0C79DA8828FA20BE81B956A7A4A95B26E3F5CDA03B6518003A53FD62F7C0ED352B74D, 3, 1)
INSERT [dbo].[funcionarios] ([id], [dpi], [nombre1], [nombre2], [apellido1], [apellido2], [fk_id_oficina], [pass], [fk_id_rol], [estado]) VALUES (33, 44699326, N'Edvin', N'Anibal', N'Hernández', N'Montejo', 30, 0x020000008CA9ACB8130BC40FB464D4F3C8C0AE9B51CA623608829BD960A6CF2CE4879BF313E7E50D4B9C97C8461DE9347DFADAA6, 3, 1)
INSERT [dbo].[funcionarios] ([id], [dpi], [nombre1], [nombre2], [apellido1], [apellido2], [fk_id_oficina], [pass], [fk_id_rol], [estado]) VALUES (34, 71094557, N'German', N'Alberto', N'Vásquez', N'Ortiz', 30, 0x02000000365EDBDCAFC7C8C7635E33FCB31AC674F36E8980C35073022A1BD20BE61F4793ACAE45F3899B1844A6090FAE175C992B, 3, 1)
INSERT [dbo].[funcionarios] ([id], [dpi], [nombre1], [nombre2], [apellido1], [apellido2], [fk_id_oficina], [pass], [fk_id_rol], [estado]) VALUES (35, 36597760, N'Sergio', N'Antonio', N'Castro', N'López', 30, 0x02000000A856707E62353997DBE0F940483D9B86E2D426C5D5994003D675723759B51DC7319A7EB90A5D67986B1D841B4EEB25A4, 3, 1)
INSERT [dbo].[funcionarios] ([id], [dpi], [nombre1], [nombre2], [apellido1], [apellido2], [fk_id_oficina], [pass], [fk_id_rol], [estado]) VALUES (36, 30654554, N'Santos', N'', N'Lorenza', N'Mérida', 30, 0x020000009D88FD907792E1CFB94B2A51D591A592F3E6E415BB44B4D39F6EB40CFED03D6CF264BE48C778CD2C1F5A7842E68607E8, 3, 1)
INSERT [dbo].[funcionarios] ([id], [dpi], [nombre1], [nombre2], [apellido1], [apellido2], [fk_id_oficina], [pass], [fk_id_rol], [estado]) VALUES (37, 13743428, N'Nora', N'Elizabeth', N'Alvarado', N'Barrios', 30, 0x02000000C559D43B812659161B57D44ABADFC0365E1D374E43CD425F138D78B86484974955C6829ECAA3DBB54A398DCF5BC64DB6, 3, 1)
INSERT [dbo].[funcionarios] ([id], [dpi], [nombre1], [nombre2], [apellido1], [apellido2], [fk_id_oficina], [pass], [fk_id_rol], [estado]) VALUES (38, 77913605, N'Aura', N'Marina', N'Gómez', N'Ramos', 30, 0x02000000D7B405A509D73A72324D3B3AEC911A13DF3B1B02DF04A56307FDCE2D547C018C6F104A4C97AFB17B783F26362EF1B4C7, 3, 1)
INSERT [dbo].[funcionarios] ([id], [dpi], [nombre1], [nombre2], [apellido1], [apellido2], [fk_id_oficina], [pass], [fk_id_rol], [estado]) VALUES (39, 93474981, N'Rony', N'', N'Leonel', N'Hernandez', 30, 0x02000000F1B611E5EBEFF3A7DB1F381B0D18A874CB7EA13B90916733DBB661B5FB7E9C9E15930D100DD5FF2A037C6D07E7F05816, 3, 1)
INSERT [dbo].[funcionarios] ([id], [dpi], [nombre1], [nombre2], [apellido1], [apellido2], [fk_id_oficina], [pass], [fk_id_rol], [estado]) VALUES (40, 76367062, N'Roberto', N'Napoleón', N'López', N'López', 30, 0x02000000E43D2D41F73E5A42F374E3AF71F71B7DE7D50A912EBC40AC18893A7FFD7930FAB172A60F3BA1A2EF79F3616F8E92F4B2, 3, 1)
INSERT [dbo].[funcionarios] ([id], [dpi], [nombre1], [nombre2], [apellido1], [apellido2], [fk_id_oficina], [pass], [fk_id_rol], [estado]) VALUES (41, 22641404, N'Blanca', N'Estela', N'Hernández', N'Escobedo', 11, 0x020000003C4C0FF2A61AFD53B19FBBAADA357EACBB26C1112871452F9AE83992105265D6D4D3D26AD505D00DC3E6D0D3DFEE3EE0, 3, 1)
INSERT [dbo].[funcionarios] ([id], [dpi], [nombre1], [nombre2], [apellido1], [apellido2], [fk_id_oficina], [pass], [fk_id_rol], [estado]) VALUES (42, 34045233, N'Cindy', N'', N'Paola', N'Fúnes', 11, 0x0200000011D93E2BAE06717ABD4661C6BE51404B81DA7536D655EB2502C9C7E52B05838015B096BF9B85AC4DCA1ADA6A8B1F2DFD, 3, 1)
INSERT [dbo].[funcionarios] ([id], [dpi], [nombre1], [nombre2], [apellido1], [apellido2], [fk_id_oficina], [pass], [fk_id_rol], [estado]) VALUES (43, 34523134, N'Odilia', N'Alejandrina', N'Vásquez', N'Palacios', 4, 0x020000008D8DF9B92E347D138D211D5E5536FD9ECE3A16DFEE1D471D92AC274690ACCEC24CC5898F8F41AC9465317C8D173E6F7C, 3, 1)
INSERT [dbo].[funcionarios] ([id], [dpi], [nombre1], [nombre2], [apellido1], [apellido2], [fk_id_oficina], [pass], [fk_id_rol], [estado]) VALUES (44, 86650851, N'Edna', N'Lorena', N'Barrondo', N'Monzón', 4, 0x02000000CFB078198891682A733E0F293108E963D54FACDE8C121687127201FD5D4027538625E769B69916F9856478B67FB1B158, 3, 1)
INSERT [dbo].[funcionarios] ([id], [dpi], [nombre1], [nombre2], [apellido1], [apellido2], [fk_id_oficina], [pass], [fk_id_rol], [estado]) VALUES (45, 24008276, N'Ana', N'María', N'Osorio', N'Molina', 4, 0x020000005601E300B57A2E9ECED6FAC884D3D4849E5BB62377658FB8891D65CD16A44E4DCD7E051F391C231E28AC17E4F28FBB9B, 3, 1)
INSERT [dbo].[funcionarios] ([id], [dpi], [nombre1], [nombre2], [apellido1], [apellido2], [fk_id_oficina], [pass], [fk_id_rol], [estado]) VALUES (46, 39450163, N'Sherly', N'Iraida', N'Rodríguez', N'Mérida', 4, 0x02000000991F4FDA25BB8FCBDA5C23A86ACDCDBB0658C99CBAA314C8B97D69D552628EDFC74E05ABA7A6E655DC1408E5F09B1594, 3, 1)
INSERT [dbo].[funcionarios] ([id], [dpi], [nombre1], [nombre2], [apellido1], [apellido2], [fk_id_oficina], [pass], [fk_id_rol], [estado]) VALUES (47, 42133220, N'Alva', N'Idolina', N'López', N'Agustin', 4, 0x02000000150F7EA47DBD649935A0166CC45148CC050AFF8B7ABAB32267373718405D28133BDFEF8A0844A0977539A4CB49293FA6, 3, 1)
INSERT [dbo].[funcionarios] ([id], [dpi], [nombre1], [nombre2], [apellido1], [apellido2], [fk_id_oficina], [pass], [fk_id_rol], [estado]) VALUES (48, 34295091, N'Merlin', N'Edilia', N'Alvarado', N'López', 4, 0x02000000E4EC023208943A714EB42E73C04B2DE1B3D589B43AECFDE5EAEEB06253F18F70A42DA1B4F4C1DB025451953A0E72E9B4, 3, 1)
INSERT [dbo].[funcionarios] ([id], [dpi], [nombre1], [nombre2], [apellido1], [apellido2], [fk_id_oficina], [pass], [fk_id_rol], [estado]) VALUES (49, 67185906, N'Brenda', N'Anabela', N'Sales', N'Martínez', 4, 0x020000002B6F3D231B5C1885D6236CB931D78600A321431CA70929DC9B202DE5C34C7D963BFADCA91082D32E2FB7F781F60E001C, 3, 1)
INSERT [dbo].[funcionarios] ([id], [dpi], [nombre1], [nombre2], [apellido1], [apellido2], [fk_id_oficina], [pass], [fk_id_rol], [estado]) VALUES (50, 36204249, N'Lilia', N'Sofia', N'Alva', N'Ramos', 4, 0x020000009FC77FA97D055585ED7DDD538B37C3E5AEEC323C2C117EA8085C4B21E23D23078CAC76DA05FC917F6C99C83A40673EBE, 3, 1)
INSERT [dbo].[funcionarios] ([id], [dpi], [nombre1], [nombre2], [apellido1], [apellido2], [fk_id_oficina], [pass], [fk_id_rol], [estado]) VALUES (51, 26187422, N'Erika', N'', N'Johanna', N'Morales', 4, 0x0200000067050CFC56E9BC1DAC71E46D78C8C785F0A8E74C64B2B0AB7E11A7A41D252FBA78316F367D99AC38F5F0A344C6DFD699, 3, 1)
INSERT [dbo].[funcionarios] ([id], [dpi], [nombre1], [nombre2], [apellido1], [apellido2], [fk_id_oficina], [pass], [fk_id_rol], [estado]) VALUES (52, 72545111, N'Erendira', N'Bertina', N'García', N'Pérez', 30, 0x02000000BE64D172189B60E31F88271730206647BC34C137524271E5EC4DC4D8C2EF403DAB5DF34FF2D4C531DAA00BEBBB7BE2BA, 3, 1)
INSERT [dbo].[funcionarios] ([id], [dpi], [nombre1], [nombre2], [apellido1], [apellido2], [fk_id_oficina], [pass], [fk_id_rol], [estado]) VALUES (53, 94633301, N'Lourdes', N'Beatriz', N'Vásquez', N'Sontay', 4, 0x02000000C8000552FEF1C96075E364AC8CD8561617BD6DF46FEA96B09E5AAE358C64268ABD7E2E3FC0215C417A0649A5F19B502C, 3, 1)
INSERT [dbo].[funcionarios] ([id], [dpi], [nombre1], [nombre2], [apellido1], [apellido2], [fk_id_oficina], [pass], [fk_id_rol], [estado]) VALUES (54, 81829466, N'Carolina', N'Regina', N'Gòmez', N'Carrillo', 4, 0x0200000087157CCF3D07F38B8EEA29111D7A5823C83DDF901A0400E3AA7995ABF7E240AED3F1B6B3C2F2FE1F4B1027E01629A394, 3, 1)
INSERT [dbo].[funcionarios] ([id], [dpi], [nombre1], [nombre2], [apellido1], [apellido2], [fk_id_oficina], [pass], [fk_id_rol], [estado]) VALUES (55, 16906003, N'Luisa', N'Alejandrina', N'Lòpez', N'Vàsquez', 22, 0x020000001B532D3136924E49C777F37F3916FE530AC5363DB9DDE87F2451968115E5AA53C32F27873E4226E4957F8B863102B85F, 3, 1)
INSERT [dbo].[funcionarios] ([id], [dpi], [nombre1], [nombre2], [apellido1], [apellido2], [fk_id_oficina], [pass], [fk_id_rol], [estado]) VALUES (56, 98757533, N'Rosaly', N'Carolina', N'Villatoro', N'Castillo', 22, 0x02000000CC510A0891BE87279014CDF56D010A356A7182E4A33EAB9AB2EEE5905A090D58EFBC8F3C2607FDBA6F8266A18D59B637, 3, 1)
INSERT [dbo].[funcionarios] ([id], [dpi], [nombre1], [nombre2], [apellido1], [apellido2], [fk_id_oficina], [pass], [fk_id_rol], [estado]) VALUES (57, 98326787, N'Oscar', N'Vinicio', N'Gómez', N'Galindo', 22, 0x0200000036002471EF688BACAFA8CA351F06D346560E88F2D4AB227C83EE45C541D9376D71DAF2D6783F40CD3FC81C2DEDBBAF1C, 3, 1)
INSERT [dbo].[funcionarios] ([id], [dpi], [nombre1], [nombre2], [apellido1], [apellido2], [fk_id_oficina], [pass], [fk_id_rol], [estado]) VALUES (58, 92600111, N'Rigoberto', N'', N'Martín', N'Aguilar', 4, 0x0200000035E5F5355D2045E3B8D25B32576B1DE809B9E79383C1C6AC91AE9FA12880EFA844C07CE8BAA67F925797F885CCA51CC8, 3, 1)
INSERT [dbo].[funcionarios] ([id], [dpi], [nombre1], [nombre2], [apellido1], [apellido2], [fk_id_oficina], [pass], [fk_id_rol], [estado]) VALUES (59, 10004389, N'Eric', N'Alfonso', N'Ralda', N'Batres', 4, 0x02000000342A64218B9985C5C3541E8A0F5ECA65ECD82B245FF6B6C8909C15319E250807C2F7A8674FB0FE9E35A677D97831B971, 3, 1)
INSERT [dbo].[funcionarios] ([id], [dpi], [nombre1], [nombre2], [apellido1], [apellido2], [fk_id_oficina], [pass], [fk_id_rol], [estado]) VALUES (60, 93452460, N'Mario', N'Margarito', N'López', N'Domingo', 30, 0x020000009D264A4F809D6E892D9E5A9EB6B8239B7F408212DDE5706F5D5CDD265615386DC8E69BFD05A2DE8D7EDDAB83B634C159, 3, 1)
INSERT [dbo].[funcionarios] ([id], [dpi], [nombre1], [nombre2], [apellido1], [apellido2], [fk_id_oficina], [pass], [fk_id_rol], [estado]) VALUES (61, 79743898, N'Herlinda', N'Mireida', N'León', N'Escobar', 30, 0x0200000029F0D0AF0A36B3B67282BC47834803DAA7B9C7C268802FB43B81A76E171174EC40A2D8F909BA3D5E622E759286506060, 3, 1)
INSERT [dbo].[funcionarios] ([id], [dpi], [nombre1], [nombre2], [apellido1], [apellido2], [fk_id_oficina], [pass], [fk_id_rol], [estado]) VALUES (62, 88157338, N'Samuel', N'', N'Díaz', N'Sales', 21, 0x020000001CB243288DBADA0F04B132077846928CDEA2962B879B68139C59322CED0E658C4AA0C7E532B33F4B4DBDD9EAE7DAB011, 3, 1)
INSERT [dbo].[funcionarios] ([id], [dpi], [nombre1], [nombre2], [apellido1], [apellido2], [fk_id_oficina], [pass], [fk_id_rol], [estado]) VALUES (63, 60030905, N'Brenda', N'', N'María', N'Ortiz', 21, 0x02000000C897D2D91E40F15A5843238A4C020F8EA4F4E97C0A89F60F75607C014A844784A696D15FF4E938B00F8EA2CA26A4FAEA, 3, 1)
INSERT [dbo].[funcionarios] ([id], [dpi], [nombre1], [nombre2], [apellido1], [apellido2], [fk_id_oficina], [pass], [fk_id_rol], [estado]) VALUES (64, 63213249, N'Zoila', N'Esperanza', N'Barrios', N'Chàvez', 19, 0x0200000044B0C474917102315281DAE7B5DC7ED0A48577E9DA8C9AF01FFA1DC6DA0FDA1B46887634634FDEA888FD103D7F527F40, 3, 1)
INSERT [dbo].[funcionarios] ([id], [dpi], [nombre1], [nombre2], [apellido1], [apellido2], [fk_id_oficina], [pass], [fk_id_rol], [estado]) VALUES (65, 24630287, N'Eulalia', N'', N'Simón', N'Ramírez', 30, 0x02000000027836C784FD98D18C42389A47993FFBCA81410D445E089CC5601E7CCE5CBEF90D77BDFC01A7116F40579725BDC54550, 3, 1)
INSERT [dbo].[funcionarios] ([id], [dpi], [nombre1], [nombre2], [apellido1], [apellido2], [fk_id_oficina], [pass], [fk_id_rol], [estado]) VALUES (66, 24113175, N'Migda', N'', N'Elizabeth', N'López', 30, 0x02000000C26DBA1A28C80DAE390AFD630F1B25841CBB646E61C7EA13D78261B6EBD217599BEB06E91D382A7D5EE5FFEBC5D6A33C, 3, 1)
INSERT [dbo].[funcionarios] ([id], [dpi], [nombre1], [nombre2], [apellido1], [apellido2], [fk_id_oficina], [pass], [fk_id_rol], [estado]) VALUES (67, 79497948, N'Blanca', N'Etelvina', N'Castillo', N'Martìnez', 30, 0x02000000414FFEE29CFE949D1E1111486AC3916F31066421C5CB0FF9FE30CAA1A39D04FCBCF2286E6CEA22C37B13B9014815F050, 3, 1)
INSERT [dbo].[funcionarios] ([id], [dpi], [nombre1], [nombre2], [apellido1], [apellido2], [fk_id_oficina], [pass], [fk_id_rol], [estado]) VALUES (68, 79928235, N'Lilian', N'', N'Amelia', N'Agustín', 29, 0x0200000023FE935015A67F0E2F8FDF66E049ADE42569F5E3115DCB7628147D624CD5FC52613227F3442B2FEF48FC811E2E452D33, 3, 1)
INSERT [dbo].[funcionarios] ([id], [dpi], [nombre1], [nombre2], [apellido1], [apellido2], [fk_id_oficina], [pass], [fk_id_rol], [estado]) VALUES (69, 69263309, N'Lorena', N'Noemi', N'Hernández', N'Santos', 29, 0x02000000570CD2146225DA05E490A0D584B75F8E1DE035F7E76F1596F92AC6B1737BEB3A3C2E15BEDC2DF77D1CD20F13EA8B817B, 3, 1)
INSERT [dbo].[funcionarios] ([id], [dpi], [nombre1], [nombre2], [apellido1], [apellido2], [fk_id_oficina], [pass], [fk_id_rol], [estado]) VALUES (70, 63239016, N'Omar', N'', N'Ronaldo', N'Gómez', 30, 0x02000000F13648CC988056086742AF48F9F31516096FEA9061B9964B86B76008451D3B4024AAC4ABE1641DDFA9530EA13FBFD43F, 3, 1)
INSERT [dbo].[funcionarios] ([id], [dpi], [nombre1], [nombre2], [apellido1], [apellido2], [fk_id_oficina], [pass], [fk_id_rol], [estado]) VALUES (71, 99313073, N'Aroldo', N'Hosberi', N'Sosa', N'López', 20, 0x02000000CD1AE61072FA511D3B2AE041683B8622DA5AD4034711F1BAC88344C5CA363817A6526B9D4D86F287E7227349A0B185AE, 3, 1)
INSERT [dbo].[funcionarios] ([id], [dpi], [nombre1], [nombre2], [apellido1], [apellido2], [fk_id_oficina], [pass], [fk_id_rol], [estado]) VALUES (72, 28156626, N'Marilinda', N'Ileana', N'Rodríguez', N'Herrera', 20, 0x02000000D5BD76A4E9812011BD68778292AB0FEEB9780162C55F62D59E136EC5CE6A0B48B91EF8C7A09F83C1FB78ED107D90D599, 3, 1)
INSERT [dbo].[funcionarios] ([id], [dpi], [nombre1], [nombre2], [apellido1], [apellido2], [fk_id_oficina], [pass], [fk_id_rol], [estado]) VALUES (73, 45664180, N'Cecilia', N'Milvia', N'Lisbeth', N'Méndez', 20, 0x02000000F450DDE1DB4B6F998E7A11BAFCDCB175150B0D8B8B747D306F36AB82F4DA2D1A8C27E8B4F3024B39A76BA9F3BFA044DE, 3, 1)
INSERT [dbo].[funcionarios] ([id], [dpi], [nombre1], [nombre2], [apellido1], [apellido2], [fk_id_oficina], [pass], [fk_id_rol], [estado]) VALUES (74, 53258310, N'Rosalío', N'Benjamín', N'Aguilar', N'Morales', 20, 0x020000007BE1B3BE72D7C33F7F2A02323AB8029E479FE2D5DEEF0A2C0DB4A019FCADEEAED391647DD73C7AE0BE6D55B72CFB854B, 3, 1)
INSERT [dbo].[funcionarios] ([id], [dpi], [nombre1], [nombre2], [apellido1], [apellido2], [fk_id_oficina], [pass], [fk_id_rol], [estado]) VALUES (75, 77316694, N'Vivian', N'', N'Magdali', N'Gómez', 30, 0x02000000F7E5E10BE56D2585B74014CE14F42B9F295229A392BEF110459314F0391DBC6CA79CC9B43C5213053DF320A3A3561C46, 3, 1)
INSERT [dbo].[funcionarios] ([id], [dpi], [nombre1], [nombre2], [apellido1], [apellido2], [fk_id_oficina], [pass], [fk_id_rol], [estado]) VALUES (76, 12876340, N'Kevin', N'Enrique', N'Herrera', N'', 17, 0x0200000064814AAE583ADE40B381F8A54320F35A9DFEEDC52B3CD2AFCA111497F09CD8F956752CEF1402C1DF676AEC4A644311CD, 3, 1)
INSERT [dbo].[funcionarios] ([id], [dpi], [nombre1], [nombre2], [apellido1], [apellido2], [fk_id_oficina], [pass], [fk_id_rol], [estado]) VALUES (77, 65668710, N'Ludwin', N'Ismael', N'Gómez', N'Matías', 18, 0x020000006C2D87FC27B761710DBC435017F01B432A62D5E346C9199023757E52916E836578425F218BDB3DB78DB4F7AEB4245026, 3, 1)
INSERT [dbo].[funcionarios] ([id], [dpi], [nombre1], [nombre2], [apellido1], [apellido2], [fk_id_oficina], [pass], [fk_id_rol], [estado]) VALUES (78, 76787398, N'Cesar', N'', N'Antonio', N'Figueroa', 16, 0x02000000E98D280773EE9FAB80E4A5FDD4F395676CA495E71476AFCC5F4EED672AA25D1CD7ACD20AF5457B4328D2E038BD468F8C, 3, 1)
INSERT [dbo].[funcionarios] ([id], [dpi], [nombre1], [nombre2], [apellido1], [apellido2], [fk_id_oficina], [pass], [fk_id_rol], [estado]) VALUES (79, 69051510, N'Mildrin', N'Daniza', N'García', N'López', 16, 0x020000009DD786262C1D17CA888055550F25D89BED6D3E271E49E3F50EDF5CDDCAD74D0E1E55DB61795D797953991EDAF2900D80, 3, 1)
INSERT [dbo].[funcionarios] ([id], [dpi], [nombre1], [nombre2], [apellido1], [apellido2], [fk_id_oficina], [pass], [fk_id_rol], [estado]) VALUES (80, 55323122, N'Román', N'Guadalupe', N'Domingo', N'Díaz', 30, 0x02000000E444B2BB5FAD17903D6C34E4EEF79DC3D972A52D8E6D82D036B673BFAD00AB7E05828E056153AA4B453192F99EB6E840, 3, 1)
INSERT [dbo].[funcionarios] ([id], [dpi], [nombre1], [nombre2], [apellido1], [apellido2], [fk_id_oficina], [pass], [fk_id_rol], [estado]) VALUES (81, 89100351, N'William', N'Florencio', N'Ramírez', N'Recinos', 23, 0x020000004FDE714B6FF4630F5B1366ECE246901CE5C137D440FBCF30AD04103016496D2E947AFE6B7B2BF8FDEC342FA9E10D02D8, 3, 1)
INSERT [dbo].[funcionarios] ([id], [dpi], [nombre1], [nombre2], [apellido1], [apellido2], [fk_id_oficina], [pass], [fk_id_rol], [estado]) VALUES (82, 81435068, N'Aracely', N'Noemí', N'Morales', N'López', 27, 0x02000000034F7CAFCEBF10EBBF1EC91C2EDBC1B13F557213F037436373536E2FB9F3373D78EFC4D42AF8DEBC601AC0151305B799, 3, 1)
INSERT [dbo].[funcionarios] ([id], [dpi], [nombre1], [nombre2], [apellido1], [apellido2], [fk_id_oficina], [pass], [fk_id_rol], [estado]) VALUES (83, 90102438, N'Marco', N'Vinicio', N'Herrera', N'García', 26, 0x02000000985892CE0E6515E0917EA3EE20C1B61C23B66505713AFD0ADB83158538A4565AF4CC603142EFAAABB5134EEC7A440D0D, 3, 1)
INSERT [dbo].[funcionarios] ([id], [dpi], [nombre1], [nombre2], [apellido1], [apellido2], [fk_id_oficina], [pass], [fk_id_rol], [estado]) VALUES (84, 20768591, N'Enrique', N'', N'Hernández', N'', 27, 0x02000000FFC33CD1AE8954272DEF191D290DD89D22CEA2C7B6FBA864CD202F843E55094EBE56DC6DD63DA251148BE69088F61B4A, 3, 1)
INSERT [dbo].[funcionarios] ([id], [dpi], [nombre1], [nombre2], [apellido1], [apellido2], [fk_id_oficina], [pass], [fk_id_rol], [estado]) VALUES (85, 22090736, N'Ronaldo', N'Isaú', N'Castillo', N'', 25, 0x020000007797CE20C1E8F3F6BE4E0340CAE8C66A37F45D3DAF18FECE2A201A1BAA55DA869B1EDB7936E2B4C33E1A8996234EC30D, 3, 1)
INSERT [dbo].[funcionarios] ([id], [dpi], [nombre1], [nombre2], [apellido1], [apellido2], [fk_id_oficina], [pass], [fk_id_rol], [estado]) VALUES (86, 78071342, N'Claudía', N'Fabiola', N'Afre', N'Galicia', 24, 0x0200000061A6106F83A016AE9163C0D6BA90F988673EE83C6BB405DED7584920BB66E43B567B682C35C4ED8C8D7D5B176C83C0F3, 3, 1)
INSERT [dbo].[funcionarios] ([id], [dpi], [nombre1], [nombre2], [apellido1], [apellido2], [fk_id_oficina], [pass], [fk_id_rol], [estado]) VALUES (87, 49445916, N'Liza', N'Ivone', N'Agustín', N'Mérida', 24, 0x02000000D0155F68C376ED7CB9C241B28B0A33DB6A045093615A2A69A308EDD52DE942C43E61655E7263B97E9E7227CFAC9649FC, 3, 1)
INSERT [dbo].[funcionarios] ([id], [dpi], [nombre1], [nombre2], [apellido1], [apellido2], [fk_id_oficina], [pass], [fk_id_rol], [estado]) VALUES (88, 41458065, N'Deysi', N'Jeanette', N'Félix', N'Gutiérrez', 30, 0x02000000E4D716F03EEB28B45FA5464BCEA8D1F4BE69A45C93EF52EEC5A719358BAE7C2F165F96082EB6F4E7CC03E894C0CC504F, 3, 1)
SET IDENTITY_INSERT [dbo].[funcionarios] OFF
SET IDENTITY_INSERT [dbo].[funciones] ON 

INSERT [dbo].[funciones] ([id], [funcion]) VALUES (1, N'Gestión de acuerdo de cese de funciones. ')
INSERT [dbo].[funciones] ([id], [funcion]) VALUES (2, N'Gestión de acuerdos de rescisión de contratos.  ')
INSERT [dbo].[funciones] ([id], [funcion]) VALUES (3, N'Gestión para bloqueos de salarios.')
INSERT [dbo].[funciones] ([id], [funcion]) VALUES (4, N'Pagos pendientes por acciones y movimientos de personal todos los renglones ')
INSERT [dbo].[funciones] ([id], [funcion]) VALUES (5, N'Registro de altas y bajas de empleados públicos.')
INSERT [dbo].[funciones] ([id], [funcion]) VALUES (6, N'Recepción y clasificación de expedientes post-mórtem')
INSERT [dbo].[funciones] ([id], [funcion]) VALUES (7, N'Recepción, rvisión e ingreso de expedientes de acciones y movimientos de personal de todos los renglones. ')
INSERT [dbo].[funciones] ([id], [funcion]) VALUES (8, N'Gestión de expedientes de faltas al servicio.')
INSERT [dbo].[funciones] ([id], [funcion]) VALUES (9, N'Conformación y gestión varia de expedientes de cambio de especialidades.')
INSERT [dbo].[funciones] ([id], [funcion]) VALUES (10, N'Capacitaciones en materia de recursos humanos')
INSERT [dbo].[funciones] ([id], [funcion]) VALUES (11, N'Consultas varias de colaboradores y servidores públicos del MINEDUC')
INSERT [dbo].[funciones] ([id], [funcion]) VALUES (12, N'Entrega de expedientes para desvanecer faltas al servicio.')
INSERT [dbo].[funciones] ([id], [funcion]) VALUES (13, N'Resolución de problemas con el personal docente y administrativo del MINEDUC')
INSERT [dbo].[funciones] ([id], [funcion]) VALUES (14, N'Trámite que lleva la correspondencia recibida en la Jefatura de Recursos Humanos.')
INSERT [dbo].[funciones] ([id], [funcion]) VALUES (15, N'Entrega y control de boleto de ornato del personal del MINEDUC')
INSERT [dbo].[funciones] ([id], [funcion]) VALUES (16, N'Actualización de RTU Y NIT de Contraloría General de Cuentas y constancia del RENAS')
INSERT [dbo].[funciones] ([id], [funcion]) VALUES (17, N'Información del programa Yo Decido y la Transformación está en Mí.')
INSERT [dbo].[funciones] ([id], [funcion]) VALUES (18, N'Entrega de expedientes de docentes municipales.')
INSERT [dbo].[funciones] ([id], [funcion]) VALUES (19, N'Asistencia y horarios de ingreso, almuerzo y salida del personal de la Dirección Departamental. ')
INSERT [dbo].[funciones] ([id], [funcion]) VALUES (20, N'Expedientes varios de personal por faltas al servicio,')
INSERT [dbo].[funciones] ([id], [funcion]) VALUES (21, N'Consultas varias relacionadas a evaluación del desempeño')
INSERT [dbo].[funciones] ([id], [funcion]) VALUES (22, N'Compatibilidad de horarios de docentes que laboran en los renglones 011, 021 y 022')
INSERT [dbo].[funciones] ([id], [funcion]) VALUES (23, N'Entrega de diagnóstico de necesidades de docentes de nivel medio, consultas varias de docentes de Telesecundaria.')
INSERT [dbo].[funciones] ([id], [funcion]) VALUES (24, N'Información sobre la retención del Impuesto Sobre la Renta ISR.')
INSERT [dbo].[funciones] ([id], [funcion]) VALUES (25, N'Información del censo del Instituto Nacional de Estadística INE,  ')
INSERT [dbo].[funciones] ([id], [funcion]) VALUES (26, N'Información varia a la Comisión del Nivel Medio, información a docentes técnicos en computación para pasar al 011.')
INSERT [dbo].[funciones] ([id], [funcion]) VALUES (27, N'Datos varios del personal docente y administrativo (salarios, renglones, jornadas, etc.)')
INSERT [dbo].[funciones] ([id], [funcion]) VALUES (28, N'Información de escuelas cerradas por falta de docentes')
INSERT [dbo].[funciones] ([id], [funcion]) VALUES (29, N'Información a oficinistas en relación a la reclasificación, creación de puestos.')
INSERT [dbo].[funciones] ([id], [funcion]) VALUES (30, N'Información varia  sobre cursos presenciales y  virtuales para docentes y personal administrativo. ')
INSERT [dbo].[funciones] ([id], [funcion]) VALUES (31, N'Información de puestos para  convocatorias vigentes.')
INSERT [dbo].[funciones] ([id], [funcion]) VALUES (32, N'Revisión de cédulas de notificación en casos varios.')
INSERT [dbo].[funciones] ([id], [funcion]) VALUES (33, N'Actualización de tiempo de servicio.')
INSERT [dbo].[funciones] ([id], [funcion]) VALUES (34, N'Apertura  de expedientes de Renglón 021. ')
INSERT [dbo].[funciones] ([id], [funcion]) VALUES (35, N'Registro de tiempo de servicio no registrado. ')
INSERT [dbo].[funciones] ([id], [funcion]) VALUES (36, N'Actualización de registro escalafonario en certificaciones de tiempo de servicio. ')
INSERT [dbo].[funciones] ([id], [funcion]) VALUES (37, N'Extensión de nómina de establecimiento y voucher. ')
INSERT [dbo].[funciones] ([id], [funcion]) VALUES (38, N'Información de puestos ocupados y desocupados por centro educativo.')
INSERT [dbo].[funciones] ([id], [funcion]) VALUES (39, N'Asesoría para traslados de docentes.')
INSERT [dbo].[funciones] ([id], [funcion]) VALUES (40, N'Consultas varias relacionadas a interinatos.')
INSERT [dbo].[funciones] ([id], [funcion]) VALUES (41, N'verificar que la calificación otorgada por el JADO este correcta.')
INSERT [dbo].[funciones] ([id], [funcion]) VALUES (42, N'procedimiento por permutas')
INSERT [dbo].[funciones] ([id], [funcion]) VALUES (43, N'Resolución de inconvenientes con procesos de convocatorias')
INSERT [dbo].[funciones] ([id], [funcion]) VALUES (44, N'Procedimientos de nuevas contrataciones')
INSERT [dbo].[funciones] ([id], [funcion]) VALUES (45, N'Gestiones varias de convocatorias internas y externas')
INSERT [dbo].[funciones] ([id], [funcion]) VALUES (46, N'Corrección de nombre de establecimiento en nómina de finanzas')
INSERT [dbo].[funciones] ([id], [funcion]) VALUES (47, N'Información de contratos en general')
INSERT [dbo].[funciones] ([id], [funcion]) VALUES (48, N'Información de banco de expedientes y de establecimientos con demanda educativa')
INSERT [dbo].[funciones] ([id], [funcion]) VALUES (49, N'Gestiones varias de expedientes de propuestas para personal docente y administrativo')
INSERT [dbo].[funciones] ([id], [funcion]) VALUES (50, N'Información varia de propuestas internas y externas del personal docente y administrativo')
INSERT [dbo].[funciones] ([id], [funcion]) VALUES (51, N'Gestiones varias de expedientes de  propuestas para personal docente y administrativo.')
INSERT [dbo].[funciones] ([id], [funcion]) VALUES (52, N'Traslados de docentes 021 realizadas')
INSERT [dbo].[funciones] ([id], [funcion]) VALUES (53, N'Resolución de interinatos')
INSERT [dbo].[funciones] ([id], [funcion]) VALUES (54, N'Expedientes de contratos municipales, permutas, ')
INSERT [dbo].[funciones] ([id], [funcion]) VALUES (55, N'Corrección de nombres de establecimientos en nómina de finanzas')
INSERT [dbo].[funciones] ([id], [funcion]) VALUES (56, N'Expedientes de contratos municipales, permutas.')
INSERT [dbo].[funciones] ([id], [funcion]) VALUES (57, N'Solvencias a ex servidores públicos')
INSERT [dbo].[funciones] ([id], [funcion]) VALUES (58, N'Trámite de prestaciones laborales')
INSERT [dbo].[funciones] ([id], [funcion]) VALUES (59, N'Ingreso de expedientes de acciones y movimientos de personal de todos los renglones.')
INSERT [dbo].[funciones] ([id], [funcion]) VALUES (60, N'Solicitud de primeras y reposiciones de cédulas docentes.')
INSERT [dbo].[funciones] ([id], [funcion]) VALUES (61, N'Trámite y notificación de acurrdos de cese de funciones.')
INSERT [dbo].[funciones] ([id], [funcion]) VALUES (62, N'Trámite y notificación de acuerdos de recisión de contratos.')
INSERT [dbo].[funciones] ([id], [funcion]) VALUES (63, N'Registro de bloqueo de salario. ')
INSERT [dbo].[funciones] ([id], [funcion]) VALUES (64, N'Expedientes de salarios cobrados no devengados')
INSERT [dbo].[funciones] ([id], [funcion]) VALUES (65, N'Pagos pendientes por acciones y movimientos de personal todos los renglones. ')
INSERT [dbo].[funciones] ([id], [funcion]) VALUES (66, N'Modificación de acuerdos ministeriales y de nombramiento.')
INSERT [dbo].[funciones] ([id], [funcion]) VALUES (67, N'Supervición de casos Post Mórtem')
INSERT [dbo].[funciones] ([id], [funcion]) VALUES (68, N'Trámite de bono por antigüedad')
INSERT [dbo].[funciones] ([id], [funcion]) VALUES (69, N'Trámite de bono profesional')
INSERT [dbo].[funciones] ([id], [funcion]) VALUES (70, N'Expedientes de movimiento de personal para la generación de cuadros. ')
INSERT [dbo].[funciones] ([id], [funcion]) VALUES (71, N'Trámite y notificación de acuerdos de cese de funciones. ')
INSERT [dbo].[funciones] ([id], [funcion]) VALUES (73, N'Pagos pendientes por acciones de gestión de personal de los renglones 011, 022, 021 Y  031.')
INSERT [dbo].[funciones] ([id], [funcion]) VALUES (74, N'Recepción, revisión e ingreso de expedientes de acciones y movimientos de personal de los renglones 021, 022, 011 Y 031')
INSERT [dbo].[funciones] ([id], [funcion]) VALUES (75, N'Conformar los expedientes de prestaciones laborales, indemnización post mortem, horas extras. ')
INSERT [dbo].[funciones] ([id], [funcion]) VALUES (76, N'Elaborar actas – y sus respectivas certificaciones – por cualquier tipo de movimientos de personal administrativo')
INSERT [dbo].[funciones] ([id], [funcion]) VALUES (77, N'Recepción de correspondencia de la sección de Gestión y Desarrollo de Personal')
INSERT [dbo].[funciones] ([id], [funcion]) VALUES (78, N'Consultas de pagos pendientes para personal 011, 022, 021, 031.')
INSERT [dbo].[funciones] ([id], [funcion]) VALUES (79, N'Recepción y seguimiento de expedientes de salarios cobrados no devengados.')
INSERT [dbo].[funciones] ([id], [funcion]) VALUES (80, N'Recepción y trámite de solicitudes de reintegros salariales.')
INSERT [dbo].[funciones] ([id], [funcion]) VALUES (81, N'Notificación y seguimiento de reintegros laborales')
INSERT [dbo].[funciones] ([id], [funcion]) VALUES (82, N'Consultas sobre descuentos y pagos del personal docente y administrativo')
INSERT [dbo].[funciones] ([id], [funcion]) VALUES (83, N'Ingroso al sistema los expedientes de pago del personal  021 Y 031.')
INSERT [dbo].[funciones] ([id], [funcion]) VALUES (84, N'Consultas varias de expedientes de movimientos de personal ')
INSERT [dbo].[funciones] ([id], [funcion]) VALUES (85, N'Información sobre el proceso de inscripción del personal docente y administrativo del MINEDUC en el Programa de Salud Integral.')
INSERT [dbo].[funciones] ([id], [funcion]) VALUES (86, N'Información sobre los motivos de la desactivación del  carné del  Programa de Salud Integral para el Magisterio  y personal adminsitrativo. ')
INSERT [dbo].[funciones] ([id], [funcion]) VALUES (87, N'Procesos de Renocimientos a la Labor Docente a nivel departamental: Orden Nacional Francisco Marroquín y Galardón Departamental Profesora María Chinchilla.')
INSERT [dbo].[funciones] ([id], [funcion]) VALUES (88, N'Apoyo a docentes enfermos del departamento. ')
INSERT [dbo].[funciones] ([id], [funcion]) VALUES (89, N'Orientación a docentes, Delegados Municipales de DIDEMAG y familiares de personas fallecidas cubiertas por el Programa de Salud Integral para el Magisterio. ')
INSERT [dbo].[funciones] ([id], [funcion]) VALUES (90, N'Atención a  supervisores, médicos y propietarios de laboratorios clínicos adheridos a la Red del Programa de Salud Integral para el Magisterio. ')
INSERT [dbo].[funciones] ([id], [funcion]) VALUES (91, N'Atención a docentes integrantes de Proyectos de Capacitación a nivel Departamental. ')
INSERT [dbo].[funciones] ([id], [funcion]) VALUES (92, N'Trámite del carné de Recreación del Decreto 81-70 ante el Ministerio de Trabajo y Previsión Social')
INSERT [dbo].[funciones] ([id], [funcion]) VALUES (93, N'Información sobre beneficios  del personal docente y administrativo de los programas implementados por DIDEMAG. ')
INSERT [dbo].[funciones] ([id], [funcion]) VALUES (94, N'Atención a docentes Delegados Municipales de DIDEMAG. ')
INSERT [dbo].[funciones] ([id], [funcion]) VALUES (95, N'Trámites  de primeras cédulas docentes')
INSERT [dbo].[funciones] ([id], [funcion]) VALUES (96, N'Entrega de hojas de servicio.')
INSERT [dbo].[funciones] ([id], [funcion]) VALUES (97, N'Consulta de ascensos de personal docente ')
INSERT [dbo].[funciones] ([id], [funcion]) VALUES (98, N'Consultas y gestión de asuntos referentes a la catalogación de expedientes, seguimiento, resolución, estado del trámite, reposición de cedulas docentes, etc.')
INSERT [dbo].[funciones] ([id], [funcion]) VALUES (99, N'Recepción de  hojas de servicio atrasadas para ascensos y no ascensos.')
INSERT [dbo].[funciones] ([id], [funcion]) VALUES (100, N'Actualizar datos de docentes para procesos del MINEDUC.')
GO
INSERT [dbo].[funciones] ([id], [funcion]) VALUES (101, N'Información a los interesados sobre asuntos referentes a la catalogación de expedientes (seguimiento, resolución, estado del trámite, reposición de cédulas docentes, etc.). ')
INSERT [dbo].[funciones] ([id], [funcion]) VALUES (102, N'Proporcionar información a los interesados sobre asuntos referentes a la catalogación de expedientes (seguimiento, resolución, estado del trámite, reposición de cedulas docentes, etc.)')
INSERT [dbo].[funciones] ([id], [funcion]) VALUES (103, N'Recibir hojas de servicio atrasadas para ascensos y no ascensos para luego llevarla a la junta calificadora de personal para su respectivo ascenso.')
INSERT [dbo].[funciones] ([id], [funcion]) VALUES (104, N'Equiparaciones de estudio')
INSERT [dbo].[funciones] ([id], [funcion]) VALUES (105, N'Legalización de directores de centros educativos privados')
INSERT [dbo].[funciones] ([id], [funcion]) VALUES (106, N'Resolución de casos técnicos legales académicos')
INSERT [dbo].[funciones] ([id], [funcion]) VALUES (107, N'Gestios varias de currículum')
INSERT [dbo].[funciones] ([id], [funcion]) VALUES (108, N'Reglamentos de evaluación')
INSERT [dbo].[funciones] ([id], [funcion]) VALUES (109, N'Reglamentos administrativos de centros educativos privados')
INSERT [dbo].[funciones] ([id], [funcion]) VALUES (110, N'Quejas de centros educativos privados')
INSERT [dbo].[funciones] ([id], [funcion]) VALUES (111, N'Coordinar con la DIGEMOCA los procesos de monitoreo, seguimiento y capacitación al nivel Departamental correspondiente. ')
INSERT [dbo].[funciones] ([id], [funcion]) VALUES (112, N'Implementar políticas y estrategias para el fortalecimiento de la acreditación y certificación en su jurisdicción, y asegurar el cumplimiento de las mismas. ')
INSERT [dbo].[funciones] ([id], [funcion]) VALUES (113, N'Asistencia técnica en temas relacionados con los procesos de acreditación y certificación institucional e individual. 5')
INSERT [dbo].[funciones] ([id], [funcion]) VALUES (114, N'Resolver solicitudes de reposición de títulos y diplomas de su jurisdicción ')
INSERT [dbo].[funciones] ([id], [funcion]) VALUES (115, N'Proporcionar, a los interesados, los lineamientos para la emisión de los títulos y diplomas de acuerdo a la normativa legal vigente y la documentación interna autorizada por el ente rector. ')
INSERT [dbo].[funciones] ([id], [funcion]) VALUES (116, N' Coordinar con la DIGEMOCA los procesos de monitoreo, seguimiento y capacitación al nivel Departamental correspondiente. ')
INSERT [dbo].[funciones] ([id], [funcion]) VALUES (117, N' Dar seguimiento al proceso de homologación del personal que trabaja en educación extraescolar, (instructores, maestros NUFED, PEAC). ')
INSERT [dbo].[funciones] ([id], [funcion]) VALUES (118, N' Reportar a DIGEACE lo concerniente a creación y actualización de códigos de establecimientos educativos, del sector público y privado. ')
INSERT [dbo].[funciones] ([id], [funcion]) VALUES (119, N'Confrontar los datos consignados en la boleta recepción PEI con las resoluciones y el expediente previo a firmar, sellar y enviar a DIGEACE. ')
INSERT [dbo].[funciones] ([id], [funcion]) VALUES (120, N'Verificar y validar los formatos de registros de resultados finales en los sistemas informáticos correspondientes. ')
INSERT [dbo].[funciones] ([id], [funcion]) VALUES (121, N'Dar seguimiento al proceso de cierre de Centros Educativos Públicos y Privados. ')
INSERT [dbo].[funciones] ([id], [funcion]) VALUES (122, N' Coordinar acciones con el ente rector en las distintas fases del proceso de certificación de docentes y / o facilitadores del sistema educativo nacional. ')
INSERT [dbo].[funciones] ([id], [funcion]) VALUES (123, N'Soporte Técnico.')
INSERT [dbo].[funciones] ([id], [funcion]) VALUES (124, N'Verificación de enlaces de internet e intranet.')
INSERT [dbo].[funciones] ([id], [funcion]) VALUES (125, N'Generación de Formularios DES-FOR-05 para acceso a sistemas de información.')
INSERT [dbo].[funciones] ([id], [funcion]) VALUES (126, N'Mantenimiento de red.')
INSERT [dbo].[funciones] ([id], [funcion]) VALUES (127, N'Mantenimiento de aparatos de telecomunicaciones.')
INSERT [dbo].[funciones] ([id], [funcion]) VALUES (128, N'Atención a maestros para generación de usuarios Consulta general del empleado CGE.')
INSERT [dbo].[funciones] ([id], [funcion]) VALUES (129, N'Transmisión de videoconferencias.')
INSERT [dbo].[funciones] ([id], [funcion]) VALUES (130, N'Configiración de servicios de correo institucional.')
INSERT [dbo].[funciones] ([id], [funcion]) VALUES (131, N'Configuración VPN.')
INSERT [dbo].[funciones] ([id], [funcion]) VALUES (132, N'Enlace directo con DINFO.')
INSERT [dbo].[funciones] ([id], [funcion]) VALUES (133, N'Soporte Consulta General del Empleado.')
INSERT [dbo].[funciones] ([id], [funcion]) VALUES (134, N'Atención a maestros para generación de usuarios de Consulta General del empleado CGE.')
INSERT [dbo].[funciones] ([id], [funcion]) VALUES (135, N'Políticas Educativas.')
INSERT [dbo].[funciones] ([id], [funcion]) VALUES (136, N'Politica General de Gobierno.')
INSERT [dbo].[funciones] ([id], [funcion]) VALUES (137, N'Metas Educativas.')
INSERT [dbo].[funciones] ([id], [funcion]) VALUES (138, N'Plan Operativo Anual.')
INSERT [dbo].[funciones] ([id], [funcion]) VALUES (139, N'Líneas Estratégicas.')
INSERT [dbo].[funciones] ([id], [funcion]) VALUES (140, N'Estadísticas Educativas.')
INSERT [dbo].[funciones] ([id], [funcion]) VALUES (141, N'Planificación Institucional.')
INSERT [dbo].[funciones] ([id], [funcion]) VALUES (142, N'Indicadores Educativos')
INSERT [dbo].[funciones] ([id], [funcion]) VALUES (143, N'Recibir, analizar y marginar expedientes para revisar la documentación de viáticos')
INSERT [dbo].[funciones] ([id], [funcion]) VALUES (144, N'Elaborar los formularios de viáticos (anticipo, constancia y liquidación) al personal de la dirección departamental que realice una  comisión oficial, previa a su pago.')
INSERT [dbo].[funciones] ([id], [funcion]) VALUES (145, N'Archivar, custodiar y resguardar los documentos y formas de las diferentes operaciones administrativas, contables y financieras ejecutadas en la dirección departamental.')
INSERT [dbo].[funciones] ([id], [funcion]) VALUES (146, N'Revisar la documentación que ampara los desembolsos de los programas de apoyo, a los establecimientos del sector oficial a cargo de la unidad ejecutora.')
INSERT [dbo].[funciones] ([id], [funcion]) VALUES (147, N'Estructura Departamental de la Institución.')
INSERT [dbo].[funciones] ([id], [funcion]) VALUES (148, N'Organigramas de la institución. ')
INSERT [dbo].[funciones] ([id], [funcion]) VALUES (149, N'Manual de Funciones Organización y Puestos de todos los trabajadores de la DIDEDUC. ')
INSERT [dbo].[funciones] ([id], [funcion]) VALUES (150, N'Visión, misión, políticas y demás tipos de planes del Ministerio. ')
INSERT [dbo].[funciones] ([id], [funcion]) VALUES (151, N'Normativa legal vigente que ampara los diferentes procesos que están colgados en la Página del Sistema de Gestión de la Calidad. ')
INSERT [dbo].[funciones] ([id], [funcion]) VALUES (152, N'Otros manuelas administrativos aplicados a los procesos de la institución. ')
INSERT [dbo].[funciones] ([id], [funcion]) VALUES (153, N'Solución de casos en el Sistema de Registros Educativos -SIRE-.')
INSERT [dbo].[funciones] ([id], [funcion]) VALUES (154, N'Consultas sobre certificación de demanda de puestos docentes.')
INSERT [dbo].[funciones] ([id], [funcion]) VALUES (155, N'Información sobre mátricula de alumnos.')
INSERT [dbo].[funciones] ([id], [funcion]) VALUES (156, N'Problemas en Impresión de títulos.')
INSERT [dbo].[funciones] ([id], [funcion]) VALUES (157, N'Entrega de cuadros de Evaluaciónes Extraordinarias.')
INSERT [dbo].[funciones] ([id], [funcion]) VALUES (158, N'Entrega de Cuadros finales y recuperación.')
INSERT [dbo].[funciones] ([id], [funcion]) VALUES (159, N'Entrega de Formulario de Registro de Firma de Directores del nivel medio ciclo diversificado.')
INSERT [dbo].[funciones] ([id], [funcion]) VALUES (160, N'Consultas varias sobre código personal de los alumnos')
INSERT [dbo].[funciones] ([id], [funcion]) VALUES (161, N'Requisitos y consultas varias para la revisión de expedientes de proyectos de infraestructura y emisión de avales.')
INSERT [dbo].[funciones] ([id], [funcion]) VALUES (162, N'Necesidades y proyectos de infraestructura escolar a centros educativos para la ampliación o creación de servicios.  ')
INSERT [dbo].[funciones] ([id], [funcion]) VALUES (163, N'Necesidad y demanda de infraestructura y mobiliario (pupitres y pizarras).')
INSERT [dbo].[funciones] ([id], [funcion]) VALUES (164, N'revisión de expedientes de donación de previos educativos al estado.  ')
INSERT [dbo].[funciones] ([id], [funcion]) VALUES (165, N'daños a la infraestructura y edificios escolares')
INSERT [dbo].[funciones] ([id], [funcion]) VALUES (166, N'Priorización de necesidades de infraestructura, mobiliario y remozamientos.')
INSERT [dbo].[funciones] ([id], [funcion]) VALUES (167, N'Atención a representantes de instituciones gubernamentales y no gubernamentales para l obtención de proyectos de aval. ')
INSERT [dbo].[funciones] ([id], [funcion]) VALUES (168, N'Representatividad (suplente) ante CONRED.')
INSERT [dbo].[funciones] ([id], [funcion]) VALUES (169, N'Aesroría sobre la gestión de proyectos y/o beneficios a docentes y comunitarios.')
INSERT [dbo].[funciones] ([id], [funcion]) VALUES (170, N'Acompañamiento y gestión a procesos de recepción de proyectos educativos y de mobiliario escolar, escritorios o pupitres')
INSERT [dbo].[funciones] ([id], [funcion]) VALUES (171, N'Revisión de expedientes relacionados a infraestructura  para ampliación o creación de centros educativos públicos y privados')
INSERT [dbo].[funciones] ([id], [funcion]) VALUES (172, N'Dudas relacionadas a la aplicación de normas legales vigientes para el desarrollo de programas y proyectos educativos encaminados  a la mejora de la calidad educativa en el nivel Departamental de la Educación bilingüe y monolingüe intercultural')
INSERT [dbo].[funciones] ([id], [funcion]) VALUES (173, N'Información varia relacionada a actualizaciones curriculares e innovación educativa. ')
INSERT [dbo].[funciones] ([id], [funcion]) VALUES (174, N'Evaluación de cursos de capcitación que se realizan para el personal técnico y docente. ')
INSERT [dbo].[funciones] ([id], [funcion]) VALUES (175, N'Diseño de proyectos institucionales que se desarrollan en el departamento y supervisar su ejecusión. ')
INSERT [dbo].[funciones] ([id], [funcion]) VALUES (176, N'Proponer modelos pedagógicos bilingues y monolingues para el mejoramiento de la calidad de acuerdo a las características de la región. ')
INSERT [dbo].[funciones] ([id], [funcion]) VALUES (177, N'Reuniones con la franja de supervisión, SINAE, directores y padres de familia, relacionadas a asuntos de mejoras en las escuelas y programas educativos, emanados del MINEDUC. ')
INSERT [dbo].[funciones] ([id], [funcion]) VALUES (178, N'Evaluación de avances de los procesos educativos y de indicadores educativos para proponer mejoras a los mismos. ')
INSERT [dbo].[funciones] ([id], [funcion]) VALUES (179, N'seguimiento y solución efectiva a las quejas presentadas que le correspondan de acuerdo a su área. ')
INSERT [dbo].[funciones] ([id], [funcion]) VALUES (180, N'Coordinación y enlace entre el personal de la Franja de Supervisión y SINAE con la DIDEDUC. ')
INSERT [dbo].[funciones] ([id], [funcion]) VALUES (181, N'Recepción y consolidado de informes de la Franja de Supervisión y SINAE. ')
INSERT [dbo].[funciones] ([id], [funcion]) VALUES (182, N'Ejecución de presupuesto de la franja de supervisión y SINAE. (pedidos de requerimientos, pago de energía eléctrica SINAE, entre otros)')
INSERT [dbo].[funciones] ([id], [funcion]) VALUES (183, N'Apoyo a directores y docentes en asutos pedagógicos')
INSERT [dbo].[funciones] ([id], [funcion]) VALUES (184, N'Apoyo en sistemas de evaluación diagnóstica. ')
INSERT [dbo].[funciones] ([id], [funcion]) VALUES (185, N'Mantener actualizada la base de datos de los diferentes niveles y modalidades educativas. ')
INSERT [dbo].[funciones] ([id], [funcion]) VALUES (186, N'Cobertura periodística de actividades departamentales, municipales y ministeriales.')
INSERT [dbo].[funciones] ([id], [funcion]) VALUES (187, N'Atención a comunicación permanente entre la DIDEDUC y comunidad educativa.')
INSERT [dbo].[funciones] ([id], [funcion]) VALUES (188, N'Atención a Coordinadores Distritales en la entrega de materiales publicitarios, afiches, mantas vinílicas y otros.')
INSERT [dbo].[funciones] ([id], [funcion]) VALUES (189, N'Apoyo a maestros en diferentes  requerimientos relacionados a comunicación social.')
INSERT [dbo].[funciones] ([id], [funcion]) VALUES (190, N'Atención a estudiantes  para solicitar información histórica sobre la Dirección Departamental de Educación. ')
INSERT [dbo].[funciones] ([id], [funcion]) VALUES (191, N'Distribución de material informativo a nivel interno y externo. ')
INSERT [dbo].[funciones] ([id], [funcion]) VALUES (192, N'Actividades de monitoreo y dar seguimiento a la información trasladada a diferentes grupos de interés')
INSERT [dbo].[funciones] ([id], [funcion]) VALUES (193, N'Actividades varias relacionadas con la imagen institucional y comunicación permanente entre comunidad educativa y DIDEDUC. ')
INSERT [dbo].[funciones] ([id], [funcion]) VALUES (194, N'Resolucion de situaciónes de Bolsas de Estudio, Discapacidad , Servicos Básicos y Programas de Apoyo.')
INSERT [dbo].[funciones] ([id], [funcion]) VALUES (195, N'Administración de actividades relacionadas con la administración de los programas de apoyo. ')
INSERT [dbo].[funciones] ([id], [funcion]) VALUES (196, N'Coordinar convocatorias, certámenes, concursos, becas y otros Programas y Proyectos de Apoyo que el MINEDUC promueva con estudiantes de escasos recursos económicos y alto rendimiento académico')
INSERT [dbo].[funciones] ([id], [funcion]) VALUES (197, N'Coordinar y supervisar la integración de los expedientes para pago de los diferentes programas de apoyo actuales, y otros programas que se establezcan, de acuerdo al crecimiento de la población escolar y sus necesidades')
INSERT [dbo].[funciones] ([id], [funcion]) VALUES (198, N'Formular instrumentos o mecanismos que garanticen la entrega eficiente y eficaz de los programas de apoyo actuales, y otros programas que se establezcan a los Centros Educativos Públicos con calidad y transparencia. ')
INSERT [dbo].[funciones] ([id], [funcion]) VALUES (199, N'Coordinar actividades de interrelación con las organizaciones comunitarias y municipales para la ejecución de los Programas de Apoyo. ')
INSERT [dbo].[funciones] ([id], [funcion]) VALUES (200, N'Dar seguimiento y solución efectiva a las quejas presentadas en la DIDEDUC que le correspondan de acuerdo a su área. ')
GO
INSERT [dbo].[funciones] ([id], [funcion]) VALUES (201, N'Consulta de programas de apoyo ( utiles escolares, valija didáctica, gratuidad de la educación y alimentación escolar )')
INSERT [dbo].[funciones] ([id], [funcion]) VALUES (202, N'Identificación de necesidades de programas de apoyo en los Centros Educativos Públicos')
INSERT [dbo].[funciones] ([id], [funcion]) VALUES (203, N'Integrar los expedientes para pago de los diferentes programas de apoyo actuales y otros programas que se establezcan de acuerdo al crecimiento de la población escolar y sus necesidades')
INSERT [dbo].[funciones] ([id], [funcion]) VALUES (204, N'Realizar acciones para la identificación de necesidades de programas de apoyo en los Centros Educativos Públicos. ')
INSERT [dbo].[funciones] ([id], [funcion]) VALUES (205, N'Asesoría  y consultas Jurídica en materia educativa. ')
INSERT [dbo].[funciones] ([id], [funcion]) VALUES (206, N'Resolución de  conflictos comunitarios.')
INSERT [dbo].[funciones] ([id], [funcion]) VALUES (207, N'Revisión de documentos legales de donación de predios al Estado de Guatemala.')
INSERT [dbo].[funciones] ([id], [funcion]) VALUES (208, N'Asesoría en trámites de Expedientes Disciplinarios laborales.')
INSERT [dbo].[funciones] ([id], [funcion]) VALUES (209, N'Consultas sobre casos de Violencia, trámite de Juicios Ordinarios  laborales, trámite de denuncias penales, trámite de acciones Constitucionales e Amparo, orientación legal respecto a procesos administrativos de la institución. ')
INSERT [dbo].[funciones] ([id], [funcion]) VALUES (210, N'Brindar asesoría legal a la comisión técnica departamental en casos de violencia denunciados')
INSERT [dbo].[funciones] ([id], [funcion]) VALUES (211, N'Recepción de notificaciónes varias relacionadas a asesoría jurídica.')
INSERT [dbo].[funciones] ([id], [funcion]) VALUES (212, N'Dudas respecto al proceso de donación de predios al estado de Guatemala. ')
INSERT [dbo].[funciones] ([id], [funcion]) VALUES (213, N'Consultas sobre expedientes laborales o penales. ')
INSERT [dbo].[funciones] ([id], [funcion]) VALUES (214, N'Atención a usuarios internos y externos sobre el trámite de documentación legal, jurídica o penal en materia educativa')
INSERT [dbo].[funciones] ([id], [funcion]) VALUES (215, N'Consulta de pagos varios.  ')
INSERT [dbo].[funciones] ([id], [funcion]) VALUES (216, N'Consultas referentes a opración escuela')
INSERT [dbo].[funciones] ([id], [funcion]) VALUES (217, N'Análisis del presupuesto de la DIDEDUC. ')
INSERT [dbo].[funciones] ([id], [funcion]) VALUES (218, N'Ejecusión financiera y presupuestaria de pagos varios de la DIDEDUC. ')
INSERT [dbo].[funciones] ([id], [funcion]) VALUES (219, N'Coordinar y supervisar el buen uso, control y resguardo del stock de formas fiscales y habilitación de libros en la CGC, para el uso de la Sección Financiera, ')
INSERT [dbo].[funciones] ([id], [funcion]) VALUES (220, N'Entrega de documentos por parte de los Cooridnadores distritales sobre la primera entrega de materiales educativos')
INSERT [dbo].[funciones] ([id], [funcion]) VALUES (221, N'Elaboración de instrumentos técnicos para el desarrollo y actividades de los programas de Educación Escolar en el marco del CNB y de la concreción curricular por pueblos en los Centros Educativos Públicos del departamento.')
INSERT [dbo].[funciones] ([id], [funcion]) VALUES (222, N'Información varia sobre el nivel de educación primaria y primaria de adultos.')
INSERT [dbo].[funciones] ([id], [funcion]) VALUES (223, N'Consulta sobre requisitos para creación de centros educativos públicos')
INSERT [dbo].[funciones] ([id], [funcion]) VALUES (224, N'Planificar y dirigir los procesos de monitoreo, seguimiento y asesoría técnica de los programas y proyectos de la Coordinación Escolar a nivel departamental. ')
INSERT [dbo].[funciones] ([id], [funcion]) VALUES (225, N'consultas varias sobre entrega de materiales educativos.')
INSERT [dbo].[funciones] ([id], [funcion]) VALUES (226, N'Dirigir los procesos para la implementación de la  entrega de las distintas modalidades educativas a los diferentes establecimientos educativos del departamento, de todos los niveles en forma monolingüe y/o bilingüe.')
INSERT [dbo].[funciones] ([id], [funcion]) VALUES (227, N'Planificar y organizar la elaboración de instrumentos técnicos para el desarrollo y actividades de los programas de educación escolar en los establecimientos del departamento.  ')
INSERT [dbo].[funciones] ([id], [funcion]) VALUES (228, N'Planificar y dirigir los procesos de monitoreo seguimiento y asesoría técnica de los programas y proyectos de la coordinación escolar a nivel departamental.')
INSERT [dbo].[funciones] ([id], [funcion]) VALUES (229, N'Asesorar en la contextualización de los estándares e indicadores de calidad en educación escolar. ')
INSERT [dbo].[funciones] ([id], [funcion]) VALUES (230, N'Investigar y proponer Modelos Pedagógicos Bilingües y Monolingües Interculturales de mejoramiento de la calidad con base a las características y necesidades de su ámbito de acción. ')
INSERT [dbo].[funciones] ([id], [funcion]) VALUES (231, N' Dictaminar sobre la adecuación pedagógica de propuestas de educación en tecnología de la educación. , presentadas por los Directores de Centros Educativos Públicos y Privados. ')
INSERT [dbo].[funciones] ([id], [funcion]) VALUES (232, N'Elaboración y pago de cheques a proveedores ')
INSERT [dbo].[funciones] ([id], [funcion]) VALUES (233, N'Pago y liquidación de operación escuela.')
INSERT [dbo].[funciones] ([id], [funcion]) VALUES (234, N'Procedimientos y mecanismos presupuestarios tendientes a lograr la calidad del gasto, cumplimiento de los principios de probidad.')
INSERT [dbo].[funciones] ([id], [funcion]) VALUES (235, N'Manejo de Presupuestos del MINEDUC en el departamento.')
INSERT [dbo].[funciones] ([id], [funcion]) VALUES (236, N'Ejecutar los procedimientos y mecanismos presupuestarios tendientes a lograr la calidad del gasto, cumpliendo con los principios de probidad. ')
INSERT [dbo].[funciones] ([id], [funcion]) VALUES (237, N'Convenios para el  uso de Edificios, resoluciones de cierre temporal  y apertura.  ')
INSERT [dbo].[funciones] ([id], [funcion]) VALUES (238, N'Procesos de compras.  ')
INSERT [dbo].[funciones] ([id], [funcion]) VALUES (239, N'Procesos de subvención.  ')
INSERT [dbo].[funciones] ([id], [funcion]) VALUES (240, N'Firmas de documentos administrativos.  ')
INSERT [dbo].[funciones] ([id], [funcion]) VALUES (241, N'Supervisar las actividades de atención al público para resguardar la imagen de la institución y la satisfacción del usuario interno y externo.')
INSERT [dbo].[funciones] ([id], [funcion]) VALUES (242, N'CTA`S firmas formularios de requerimineto de almacén.')
INSERT [dbo].[funciones] ([id], [funcion]) VALUES (243, N'Autorización de libros asistencia, libros de caja, inventario y otros relacionados')
INSERT [dbo].[funciones] ([id], [funcion]) VALUES (244, N'Archivar correspondencia, realizar documentos oficiales del departamento administrativo')
INSERT [dbo].[funciones] ([id], [funcion]) VALUES (245, N'Apoyo en los procesos de compras.  ')
INSERT [dbo].[funciones] ([id], [funcion]) VALUES (246, N'Gestión de pago de energía eléctrica del edificio, gestión de pago de telefonía fija.')
INSERT [dbo].[funciones] ([id], [funcion]) VALUES (247, N'Resoluciones de cierre temporal y apertura de edificios')
INSERT [dbo].[funciones] ([id], [funcion]) VALUES (248, N'Recepción de Informes varios de las secciones pertenecientes al departamento de entrega educativa. ')
INSERT [dbo].[funciones] ([id], [funcion]) VALUES (249, N'Consulta sobre Bono por bilinguismo.')
INSERT [dbo].[funciones] ([id], [funcion]) VALUES (250, N'Consulta examen de dominio Linguistico.')
INSERT [dbo].[funciones] ([id], [funcion]) VALUES (251, N'Orientación de diferentes unidades del Deptartamento de Entrega Educativa.')
INSERT [dbo].[funciones] ([id], [funcion]) VALUES (252, N'Trámite de telefonía')
INSERT [dbo].[funciones] ([id], [funcion]) VALUES (253, N'Trámite de calcomañia de motos y carros')
INSERT [dbo].[funciones] ([id], [funcion]) VALUES (254, N'Proveedores para entrega de facturas para prara entrega de factoras para procesos de pago')
INSERT [dbo].[funciones] ([id], [funcion]) VALUES (255, N'Servicios varios para el control de de agua pura y distribución de garrafones')
INSERT [dbo].[funciones] ([id], [funcion]) VALUES (256, N'Servicio de vigilancia para la institución.')
INSERT [dbo].[funciones] ([id], [funcion]) VALUES (257, N'Servicio de fotocopiado')
INSERT [dbo].[funciones] ([id], [funcion]) VALUES (258, N'Servicio de basura')
INSERT [dbo].[funciones] ([id], [funcion]) VALUES (259, N'Gestiones varias para personal de auditoría externa')
INSERT [dbo].[funciones] ([id], [funcion]) VALUES (260, N'Gestiones para el uso de los vehículos institucionales')
INSERT [dbo].[funciones] ([id], [funcion]) VALUES (261, N'Supervisión de mantenimiento de los servicios básicos de la DIDEDUC')
INSERT [dbo].[funciones] ([id], [funcion]) VALUES (262, N'Consulta de Convocatorias de puestos docentes')
INSERT [dbo].[funciones] ([id], [funcion]) VALUES (263, N'Consulta de  Audiencias pendientes de realizar')
INSERT [dbo].[funciones] ([id], [funcion]) VALUES (264, N'Consulta de ruta crítica de expediente.')
INSERT [dbo].[funciones] ([id], [funcion]) VALUES (265, N'Consulta de lugar que ocupa en  Banco.')
INSERT [dbo].[funciones] ([id], [funcion]) VALUES (266, N'Información de requisitos de nuevas Convocatorias de puestos docentes')
INSERT [dbo].[funciones] ([id], [funcion]) VALUES (267, N'Información sobre inconformidades o recursos presentados.')
INSERT [dbo].[funciones] ([id], [funcion]) VALUES (268, N'Proceso para ingresar al e-SINO.')
INSERT [dbo].[funciones] ([id], [funcion]) VALUES (269, N'Solución para recuperar contraseña del e-SINO. ')
INSERT [dbo].[funciones] ([id], [funcion]) VALUES (270, N'Procesos varios de los jurados municipales')
INSERT [dbo].[funciones] ([id], [funcion]) VALUES (271, N'Consulta de  Audiencias pendientes de realizar.')
INSERT [dbo].[funciones] ([id], [funcion]) VALUES (272, N'Información sobre procesos que deben realizar Jurados Municipales.')
INSERT [dbo].[funciones] ([id], [funcion]) VALUES (273, N'Información de requisitos de nuevas Convocatorias de puestos docentes.')
INSERT [dbo].[funciones] ([id], [funcion]) VALUES (274, N'Proceso para ingresar al e-SINO. Solución para recuperar contraseña del e-SINO.')
INSERT [dbo].[funciones] ([id], [funcion]) VALUES (275, N'Ejecución compras y/o contrataciones de bienes y/o servicios que soliciten las diferentes unidades.')
INSERT [dbo].[funciones] ([id], [funcion]) VALUES (276, N'Ejecutar las compras y contrataciones de bienes o servicios que soliciten las diferentes unidades administrativas de la dirección departamental. ')
INSERT [dbo].[funciones] ([id], [funcion]) VALUES (277, N'Elaborar órdenes de compra.')
INSERT [dbo].[funciones] ([id], [funcion]) VALUES (278, N'Archivo físico y electrónico de contratos abiertos aprobados')
INSERT [dbo].[funciones] ([id], [funcion]) VALUES (279, N'Cotizaciones de proveedores')
INSERT [dbo].[funciones] ([id], [funcion]) VALUES (280, N'Atender visitas CGC, Auditoría Interna, entre otras, que solicitan información de las actividades realizadas en adquisiciones de la DIDEDUC. ')
INSERT [dbo].[funciones] ([id], [funcion]) VALUES (281, N'Recepción de facturas por arrendamientos')
INSERT [dbo].[funciones] ([id], [funcion]) VALUES (282, N'Conformación de  expedientes de compras y servicios adquiridos (solicitud gasto, cotizaciones, y facturación). ')
INSERT [dbo].[funciones] ([id], [funcion]) VALUES (283, N'Realizar el ingreso de órdenes de pago de subsidios de institutos por cooperativas, nóminas de bolsas de estudio y becas, facturas de compras, arrendamientos entre otros, en el sistema de gestión SIGES (con rol de técnico de adquisiciones).')
INSERT [dbo].[funciones] ([id], [funcion]) VALUES (284, N'Entrega de cotizaciones de compras y facturaciones de compras realizadas. ')
INSERT [dbo].[funciones] ([id], [funcion]) VALUES (285, N'Crear y registrar órdenes de compra y liquidación para adquisiciones de diferentes bienes y servicios.')
INSERT [dbo].[funciones] ([id], [funcion]) VALUES (286, N'Apoyar en la elaboración de actas y otros respaldos legales para los procesos de compras por cotización, contratos abiertos u otras modalidades, en donde aplique.')
INSERT [dbo].[funciones] ([id], [funcion]) VALUES (287, N'Efectuar devoluciones y reclamos derivados de atrasos, calidad y estado de productos.')
INSERT [dbo].[funciones] ([id], [funcion]) VALUES (288, N'Administración y gestión de toda la documentación de Institutos por cooparativa. ')
INSERT [dbo].[funciones] ([id], [funcion]) VALUES (289, N'Entrega de Expedientes de subsidio estatal para institutos por cooperativa')
INSERT [dbo].[funciones] ([id], [funcion]) VALUES (290, N'Presentación de informes sobre cuotas autorizadas por el Coordinador Distrital.')
INSERT [dbo].[funciones] ([id], [funcion]) VALUES (291, N'Consultas sobre autorización de secciones nuevas a institutos por cooperativas')
INSERT [dbo].[funciones] ([id], [funcion]) VALUES (292, N'Entrega de nominas del personal administrativo y docente del establecimientos educativos por cooperativa')
INSERT [dbo].[funciones] ([id], [funcion]) VALUES (293, N'Informe de avance fisico y financiero de institutos por cooperativa.')
INSERT [dbo].[funciones] ([id], [funcion]) VALUES (294, N'Tramites sobre ampliaciones de carreras. Reportes sobre pagos a docentes y personal administrativo del establecimientos por cooparativa')
INSERT [dbo].[funciones] ([id], [funcion]) VALUES (295, N'Gestiones y consultas diversas en lo Técnico Pedagógico.')
INSERT [dbo].[funciones] ([id], [funcion]) VALUES (296, N'Gestiones diversas de acreditamiento y certificación.')
INSERT [dbo].[funciones] ([id], [funcion]) VALUES (297, N'Procesos de evaluación de dominio lingüistico en idiomas mayas.')
INSERT [dbo].[funciones] ([id], [funcion]) VALUES (298, N'Certificaciones de dominio lingüístico a docentes.')
INSERT [dbo].[funciones] ([id], [funcion]) VALUES (299, N'Aplicar las estrategias de divulgación establecidas por DIGEDUCA. ')
INSERT [dbo].[funciones] ([id], [funcion]) VALUES (300, N'Atender y resolver consultas relacionadas  con investigación y evaluación pedagógica en el departamento.')
GO
INSERT [dbo].[funciones] ([id], [funcion]) VALUES (301, N'Proporcionar información a la comunidad educativa del sector de las actividades programadas por DIGEDUCA. ')
INSERT [dbo].[funciones] ([id], [funcion]) VALUES (302, N'Verificar los registros finales en el sistema correspondiente conforme el CNB, pensum de estudios debidamente autorizado y validar la evaluación de los aprendizajes registrados, en conjunto de la Coordinación de Educación Escolar ')
INSERT [dbo].[funciones] ([id], [funcion]) VALUES (303, N'Coordinación con la sección de educación escolar procesos de actualización del CNB, los objetivos, políticas y estrategias establecidas para el efecto. ')
INSERT [dbo].[funciones] ([id], [funcion]) VALUES (304, N'Asesoría pedagógica a directores, docentes y padres de familia sobre estudiantes con necesidades eductivas especiales. ')
INSERT [dbo].[funciones] ([id], [funcion]) VALUES (305, N'Eventualmente por traslado de documentos por becas de discapacidad.')
INSERT [dbo].[funciones] ([id], [funcion]) VALUES (306, N' orientación psicopedagógica a autoridades, docentes, padres de familia de la comunidad, para la atención de los estudiantes con necesidades educativas especiales con o sin discapacidad')
INSERT [dbo].[funciones] ([id], [funcion]) VALUES (307, N'Emitir opinión técnica en cuanto a los conflictos técnico pedagógicos de Educación Especial ')
INSERT [dbo].[funciones] ([id], [funcion]) VALUES (308, N'Dar seguimiento a proyectos relacionados con el tema de necesidades educativas especiales, que se impulsen desde el ente rector y los propios de la DIDEDUC. ')
INSERT [dbo].[funciones] ([id], [funcion]) VALUES (309, N'Sensibilizar a docentes, directores, servidores públicos en general y otros actores de la comunidad educativa sobre  la implementación de las "Prácticas de Educación Inclusiva" dentro del marco de la política de calidad  educativa. ')
INSERT [dbo].[funciones] ([id], [funcion]) VALUES (310, N'Asesoría Pedagógica sobre atención a estudiantes con Necesidades Educativas Especiales.   ')
INSERT [dbo].[funciones] ([id], [funcion]) VALUES (311, N'Becas por Discapacidad.')
INSERT [dbo].[funciones] ([id], [funcion]) VALUES (312, N'Brindar asesoría a los docentes en los niveles de Preprimaria, Primaria y Media en el proceso de inclusión educativa de estudiantes con necesidades educativas especiales ')
INSERT [dbo].[funciones] ([id], [funcion]) VALUES (313, N'Orientar al docente en la elaboración del plan e informe individualizado de adecuaciones curriculares y/o de acceso siguiendo el enfoque del CNB vigente para estudiantes con necesidades educativas especiales')
INSERT [dbo].[funciones] ([id], [funcion]) VALUES (314, N'Actividades de sensibilización y capacitación a la comunidad educativa sobre temáticas relacionadas a la inclusión educativa y educación especial en el marco conceptual del Ministerio de Educación. ')
INSERT [dbo].[funciones] ([id], [funcion]) VALUES (315, N'Consultas y orientación sobre los diferentes proceso técnico y administrativos de los programas, (PEAC, CEMUCAF, MODALIDADES FLEXIBLES, PRONEA, CEEX) academias de curso libres, CAT, educación a distancia, otros.')
INSERT [dbo].[funciones] ([id], [funcion]) VALUES (316, N'Entrega y recepción de expediente de diferente proceso administrativos de programa, academias de curso libres, CAT, educación a distancia, y otros servicios que presta la coordinación (creación y autorización de centros, cambios de director instructor, ubicación geográfica, revalidaciones trianuales y quinquenales, otros).')
INSERT [dbo].[funciones] ([id], [funcion]) VALUES (317, N'Para entrega de cedulas de notificación, de resoluciones de diferentes procesos que solicitan, y que envía DIGEACE en relación a el PEI de Academias.')
INSERT [dbo].[funciones] ([id], [funcion]) VALUES (318, N'Consultas y resolución de casos de estudiantes de los diferentes programas y centros educativos registrados en el SIREEX,')
INSERT [dbo].[funciones] ([id], [funcion]) VALUES (319, N'Recepción, registro y entrega de expedientes para firma de certificados y diplomas de los diferentes programas, academias de curso libres.')
INSERT [dbo].[funciones] ([id], [funcion]) VALUES (320, N'Atención, coordinación y orientación con personeros de instituciones públicas y privadas para establecer acuerdos de cooperación educativa extraescolar en el departamento.')
INSERT [dbo].[funciones] ([id], [funcion]) VALUES (321, N'Atención de técnicos contratados por la institución y de instituciones cooperantes para el desarrollo e implementación de los programas PEAC, CEMUCAF y MODALIDADES FLEXIBLES.')
INSERT [dbo].[funciones] ([id], [funcion]) VALUES (322, N'Gestiones sobre sistema de Códigos de establecimiento de modalidades flexibles y SIREEX')
INSERT [dbo].[funciones] ([id], [funcion]) VALUES (323, N'Impresión de títulos de establecimientos del SIREEX')
INSERT [dbo].[funciones] ([id], [funcion]) VALUES (324, N'Apertura y cierres de establecimientos SIREEX Y modalidades flexibles')
INSERT [dbo].[funciones] ([id], [funcion]) VALUES (325, N'Asuntos de acreditación y certificación de docentes y de establecimientos de modalidades flexibles y SIREEX')
INSERT [dbo].[funciones] ([id], [funcion]) VALUES (326, N'Equiparaciones de estudios de establecimientos de modalidades flexibles y SIREEX')
INSERT [dbo].[funciones] ([id], [funcion]) VALUES (327, N'Legalizaciónes de director de establecimientos de modalidades flexibles y SIREEX')
INSERT [dbo].[funciones] ([id], [funcion]) VALUES (328, N'Creación de centros educativos de establecimientos de modalidades flexibles y SIREEX')
INSERT [dbo].[funciones] ([id], [funcion]) VALUES (329, N'Ampliación de servicios de centros educativos, revalidación de servicios de centros educativos privados de establecimientos de modalidades flexibles y SIREEX')
INSERT [dbo].[funciones] ([id], [funcion]) VALUES (330, N'Equivalencias de estudiantes de establecimientos de modalidades flexibles y SIREEX')
INSERT [dbo].[funciones] ([id], [funcion]) VALUES (331, N'Exámenes por suficiencia de establecimientos de modalidades flexibles y SIREEX')
INSERT [dbo].[funciones] ([id], [funcion]) VALUES (332, N'Cambios de ubicación física de centros educativos, cambios de jornada de centros educativos de establecimientos de modalidades flexibles y SIREEX')
INSERT [dbo].[funciones] ([id], [funcion]) VALUES (333, N'Incremento de cuotas de centros educativos privados, cambios de nombres de centros educativos, * Certificaciones de propiedad, certificaciones de representación legal, certificación de documentos para apostillado, creación de laboratorios de TAC`s, ')
INSERT [dbo].[funciones] ([id], [funcion]) VALUES (334, N'Consultas sobre casos técnico-legales, así como situaciones curriculares con respecto a ramas de enseñanza, entre otras de establecimientos de modalidades flexibles y SIREEX')
INSERT [dbo].[funciones] ([id], [funcion]) VALUES (335, N'Inscripción a Evaluación de Graduandos de establecimientos de modalidades flexibles y SIREEX')
INSERT [dbo].[funciones] ([id], [funcion]) VALUES (336, N'Solictud de resultados de evaluaciones de docentes de establecimientos de modalidades flexibles y SIREEX')
INSERT [dbo].[funciones] ([id], [funcion]) VALUES (337, N'Solicitud de información para Registrar alumnos a la Evaluacion diagóstica de establecimientos de modalidades flexibles y SIREEX')
INSERT [dbo].[funciones] ([id], [funcion]) VALUES (338, N'Proceso de confirmación y cambio de correos para alumnos graduandos de establecimientos de modalidades flexibles y SIREEX')
INSERT [dbo].[funciones] ([id], [funcion]) VALUES (339, N'Anuario de evaluaciones del mineduc. elaboración del plan de mejora de establecimientos de modalidades flexibles y SIREEX')
INSERT [dbo].[funciones] ([id], [funcion]) VALUES (340, N'Casos y  poceso del reglamento de evaluacion del aprendizaje de establecimientos de modalidades flexibles y SIREEX')
INSERT [dbo].[funciones] ([id], [funcion]) VALUES (341, N'Consultas de procesos de organizacion escolar y programas de apoyo. ')
INSERT [dbo].[funciones] ([id], [funcion]) VALUES (342, N'Promover la coordinación intra e inter institucional y la cooperación a nivel nacional de los programas de apoyo. ')
INSERT [dbo].[funciones] ([id], [funcion]) VALUES (343, N'Planificar, dirigir, coordinar, supervisar y evaluar actividades relacionadas con la organización de padres de familia y su participación, en cada uno de los Centros Educativos del departamento. ')
INSERT [dbo].[funciones] ([id], [funcion]) VALUES (344, N'Atender a las distintas delegaciones de la CGC, Auditoría Interna del MINEDUC y otras asignadas por las autoridades superiores que requieran información acerca de la gestión del Fortalecimiento a la Comunidad Educativa de la DIDEDUC, así como dar seguimiento   a las observaciones y hallazgos encontrados e implementación de acciones de mejora. ')
INSERT [dbo].[funciones] ([id], [funcion]) VALUES (345, N'Dar seguimiento y solución efectiva a las quejas presentadas que le correspondan de acuerdo a su área (organización escolar y programas de apoyo)')
INSERT [dbo].[funciones] ([id], [funcion]) VALUES (346, N'Procesos relacionados con Organizaciones de Padres de Familia y Programas de Apoyo')
INSERT [dbo].[funciones] ([id], [funcion]) VALUES (347, N'Actividades relacionadas con la creación y administración de las Organizaciones de Padres de Familia en los Centros Educativos Públicos. ')
INSERT [dbo].[funciones] ([id], [funcion]) VALUES (348, N'Actividades para la conformación e integración de los Consejos Educativos u otras Organizaciones de Padres de Familia. ')
INSERT [dbo].[funciones] ([id], [funcion]) VALUES (349, N'Coordinar actividades de interrelación con las demás organizaciones comunitarias y municipales interesados en las acciones de educación. ')
INSERT [dbo].[funciones] ([id], [funcion]) VALUES (350, N' acciones para la identificación de necesidades de organización escolar en los Centros Educativos Públicos, cambio de nombre de la OPF, integración, asuntos legales, entre otros.  ')
INSERT [dbo].[funciones] ([id], [funcion]) VALUES (351, N'Orientar a los interesados en la conformación de las OPF y facilitar los documentos de soporte necesarios para la creación, modificación de nombre, actualización de miembros directivos y otras acciones necesarias. ')
INSERT [dbo].[funciones] ([id], [funcion]) VALUES (352, N'Proponer y elaborar mecanismos de apoyo para la constitución y actualización de juntas directivas de OPF. ')
INSERT [dbo].[funciones] ([id], [funcion]) VALUES (353, N'Llevar registro y control de los expedientes de las OPF de su jurisdicción (acta de constitución, estatutos, resoluciones, actualizaciones, etc.). ')
INSERT [dbo].[funciones] ([id], [funcion]) VALUES (354, N'Consulta sobre Bolsas de Estudio ')
INSERT [dbo].[funciones] ([id], [funcion]) VALUES (355, N'Ejecutar los diferentes procesos de la administración y entrega del programa de gratuidad de la educación a los Centros Educativos Públicos. ')
INSERT [dbo].[funciones] ([id], [funcion]) VALUES (356, N'Apoyo administrativo en la realización de tareas relacionadas a los Programas y Proyectos de Apoyo que se desarrollen en la DIDEDUC para el fortalecimiento del Sistema Educativo Nacional. ')
INSERT [dbo].[funciones] ([id], [funcion]) VALUES (357, N'Consulta de servicios Básicos ( Energia electrica, telefonia, internet, agua ) de los centros eduvativos públicos')
INSERT [dbo].[funciones] ([id], [funcion]) VALUES (358, N'Manejo y consultas de arrendamientos de edificios de  los establecimientos públicos del departamento ')
INSERT [dbo].[funciones] ([id], [funcion]) VALUES (359, N'Definicion, planificación, calendarización, implementación y evalucion de capacitaciónes, talleres y seminarios a la Franja de Supervisión Educativa, Comision de Evaluación, Comisión de Finanzas, Comisión de Disciplina y Convivencia, Directores Escolares.')
INSERT [dbo].[funciones] ([id], [funcion]) VALUES (360, N'Elaboración, firma, presentacion y gestión de expedientes financierons para la dotación de equipos a la Franja de Supervisión Educativa.')
INSERT [dbo].[funciones] ([id], [funcion]) VALUES (361, N'Monitoreo y evaluación de resultados de los talleres impartidos a la Franja de Supervisión Educativa y Directores Escolares.')
INSERT [dbo].[funciones] ([id], [funcion]) VALUES (362, N'Realizar anteproyecto de presupuesto, solicitud de cuotas para la dotación de insumos a la Franja de Supervisión Educativa.')
INSERT [dbo].[funciones] ([id], [funcion]) VALUES (363, N'Apoyar la gestión inter e intra institucional con OG´s y ONG´s dedicadas a educación.')
INSERT [dbo].[funciones] ([id], [funcion]) VALUES (364, N'Fortalecer el perfil de desempeño de los Directores escolares (en lo administrtivo-legal, tecnico pedagógico y gestión intra e inter institucional.')
INSERT [dbo].[funciones] ([id], [funcion]) VALUES (365, N'Desarrollar capacitaciones para el fortalecimiento institucional y de desempeño del funcionario público (directores escolares)')
INSERT [dbo].[funciones] ([id], [funcion]) VALUES (366, N'FUNCIONES NO PERTENECESN A VIVIAN MAGALI GOMEZ')
INSERT [dbo].[funciones] ([id], [funcion]) VALUES (367, N'Asesoría en la elaboración e implementación de Proyectos Educativos Institucionales para los centros educativos. ')
INSERT [dbo].[funciones] ([id], [funcion]) VALUES (368, N'Coordinación con organizaciones cooperantes que fortalecen la institucionalización de la Educación Integral en Sexualidad y Prevención de la Violencia.')
INSERT [dbo].[funciones] ([id], [funcion]) VALUES (369, N'Información varia relacionada a educación integral, prevención de violencia, SIDA, embarazos tempranos, y otros problemas sociales que afectan a la comunidad educativa')
INSERT [dbo].[funciones] ([id], [funcion]) VALUES (370, N'Situaciones pedagógicas y administrativas relacionadas con nivel medio ciclo básico')
INSERT [dbo].[funciones] ([id], [funcion]) VALUES (371, N'Actualizar y fortalecer las competencias del personal docente, técnico y Personas que realizan actividades de Supervisión Educativa que atiende población del Nivel de Educación Media, Ciclo de Educación Básica en el sector oficial del departamento. ')
INSERT [dbo].[funciones] ([id], [funcion]) VALUES (372, N'Asesorar y apoyar técnica y pedagógicamente a Directores y docentes del Nivel de Educación Media, Ciclo de Educación Básica (en las modalidades bilingüe y monolingüe intercultural que corresponda) y Servidores Públicos que realizan actividades de Supervisión Educativa acerca de los diferentes componentes del Currículo Nacional Base, para ser aplicado en el aula. ')
INSERT [dbo].[funciones] ([id], [funcion]) VALUES (373, N'Coordinar y dar seguimiento a la asignación, distribución y entrega técnica de materiales educativos del nivel de educación media, ciclo de educación básica, sistematizando y llevando registros y controles de recepción y entrega de los mismos. ')
INSERT [dbo].[funciones] ([id], [funcion]) VALUES (374, N'Realizar una base de datos de los establecimientos de los niveles básico y diversificado en todas las modalidades por municipio. ')
INSERT [dbo].[funciones] ([id], [funcion]) VALUES (375, N'Elaborar y actualizar datos estadísticos de docentes, establecimientos educativos, niños y niñas del sector oficial y privado, y otros datos que sean requeridos (3 veces al año). ')
INSERT [dbo].[funciones] ([id], [funcion]) VALUES (376, N'Información varia sobre el funcionamiento del nivel medio ciclo diversificado. ')
INSERT [dbo].[funciones] ([id], [funcion]) VALUES (377, N'Recepcionar  materiales educativos')
INSERT [dbo].[funciones] ([id], [funcion]) VALUES (378, N'Conocer avances de trámites de creación y ampliación de solicitudes de establecimientos educativos de diversificado')
INSERT [dbo].[funciones] ([id], [funcion]) VALUES (379, N'Solicitar Lineamientos de Seminario Investigación Acción')
INSERT [dbo].[funciones] ([id], [funcion]) VALUES (380, N'Realizar entrega de Informes de Seminario de estudiantes graduandos')
INSERT [dbo].[funciones] ([id], [funcion]) VALUES (381, N'Solicitar información del Currículo Nacional Base')
INSERT [dbo].[funciones] ([id], [funcion]) VALUES (382, N'Participar en reuniones de trabajo por programas y proyectos del Ministerio de Educación')
INSERT [dbo].[funciones] ([id], [funcion]) VALUES (383, N'Información varia sobre el funcionamiento de los niveles inicial y Preprimario.  ')
INSERT [dbo].[funciones] ([id], [funcion]) VALUES (384, N'Información sobre la aplicación del Curriculum Nacional Base en el aula para los niveles inicial y preprimario')
INSERT [dbo].[funciones] ([id], [funcion]) VALUES (385, N'Solicitud  de talleres de capacitación a docentes, directores y epesistas ')
INSERT [dbo].[funciones] ([id], [funcion]) VALUES (386, N'Solicitud de textos o guias faltantes den los centros educativos')
INSERT [dbo].[funciones] ([id], [funcion]) VALUES (387, N'Entrega de nominas  y comprobantes de recepcion y distribucion de textos  de las comisiones  de textos de preprimaria, primaria y Básico ')
INSERT [dbo].[funciones] ([id], [funcion]) VALUES (388, N'Elaboración de dictamenes para  funcionamiento o no de centros educativos  del nivel prperimario ')
INSERT [dbo].[funciones] ([id], [funcion]) VALUES (389, N'Participación en reuniones, capacitaciones, convocatorias emennada del despacho superior  o de la Direccion Departamental de Educación de Huehuetenango.')
INSERT [dbo].[funciones] ([id], [funcion]) VALUES (390, N'Organización Planificación de capacitaciones virtuales o presencianles del nivel preprimario, del Programa Comprometidos con Primero, entre otros.')
INSERT [dbo].[funciones] ([id], [funcion]) VALUES (391, N'Coordinación Interinstitucional  para procesos  pedagogicos de  aula')
INSERT [dbo].[funciones] ([id], [funcion]) VALUES (392, N'Administrar y dar seguimiento al sistema de quejas. ')
INSERT [dbo].[funciones] ([id], [funcion]) VALUES (393, N'Orientación, entrega y recepción de correspondencia a usuarios.')
INSERT [dbo].[funciones] ([id], [funcion]) VALUES (394, N'Verificar, ordenar y clasificar la recepción de documentos de la correspondencia que ingresa a la dirección departamental de educación.')
INSERT [dbo].[funciones] ([id], [funcion]) VALUES (395, N'Elaborar los informes de visitas a la DIDEDUC, para contar con estadísticas para la toma de decisiones. ')
INSERT [dbo].[funciones] ([id], [funcion]) VALUES (396, N'Facilitar al público la boleta de satisfacción del usuario. ')
INSERT [dbo].[funciones] ([id], [funcion]) VALUES (397, N'Suplente del sistema de acceso a la información pública')
INSERT [dbo].[funciones] ([id], [funcion]) VALUES (398, N'Enlace suplente del sistema de acceso a la información pública ')
INSERT [dbo].[funciones] ([id], [funcion]) VALUES (399, N'Revisar, verificar y modificar cuando el caso lo amerite, la calificación de los expedientes por inconformidad en procesos de convocatoria de puestos docentes')
INSERT [dbo].[funciones] ([id], [funcion]) VALUES (400, N'Denuncias o anomalías, emitiendo la resolución correspondiente sobre procesos de convocatoria de puestos docentes')
GO
INSERT [dbo].[funciones] ([id], [funcion]) VALUES (401, N'Convocar al jurado municipal de oposición correspondiente cuando el caso lo amerite, con el objeto de realizar una nueva revisión a expedientes devueltos. ')
INSERT [dbo].[funciones] ([id], [funcion]) VALUES (402, N'Cargas y descargas de bienes inmuebles.')
INSERT [dbo].[funciones] ([id], [funcion]) VALUES (403, N'Verificación física de bienes. ')
INSERT [dbo].[funciones] ([id], [funcion]) VALUES (404, N'Ejecutar actividades administrativas para trámite de baja a los bienes activos por pérdida, robo o deterioro (tanto de la DIDEDUC como de escuelas e institutos). ')
INSERT [dbo].[funciones] ([id], [funcion]) VALUES (405, N'Mantener actualizado el registro de bienes fungibles. ')
INSERT [dbo].[funciones] ([id], [funcion]) VALUES (406, N'Análisis de Documentación financiera varia de la DIDEDUC.')
INSERT [dbo].[funciones] ([id], [funcion]) VALUES (407, N'Llevar el control y registro de los expedientes (por cualquier motivo, reintegros, pagos, entre otros) que sean trasladados para efectos de pago y/o registros presupuestarios y registrar las operaciones en las etapas que le corresponda en el SIGES y SICOIN. ')
INSERT [dbo].[funciones] ([id], [funcion]) VALUES (408, N'Elaborar las órdenes de pago y trasladarlas a operaciones de caja, adjuntando la documentación de soporte correspondiente para el pago (en tipo A y B). ')
INSERT [dbo].[funciones] ([id], [funcion]) VALUES (409, N'Elaborar la conciliación de cuentas bancarias que se encuentran autorizadas para la DIDEDUC. ')
INSERT [dbo].[funciones] ([id], [funcion]) VALUES (410, N'Garantizar el cumplimiento de las responsabilidades por el manejo de valores del Estado, por medio del pago de fianza')
INSERT [dbo].[funciones] ([id], [funcion]) VALUES (411, N'Revisar que la documentación que ampara los desembolsos de los programas de apoyo, a los establecimientos del sector oficial a cargo de la unidad ejecutora cumpla con todos los requisitos legales necesarios. ')
INSERT [dbo].[funciones] ([id], [funcion]) VALUES (412, N'Consultas información general de la  DIDEDUC.')
INSERT [dbo].[funciones] ([id], [funcion]) VALUES (413, N'Cita con el o la Directora Departamental de Educación')
INSERT [dbo].[funciones] ([id], [funcion]) VALUES (414, N'Correspondencia dirigida al MINEDUC')
INSERT [dbo].[funciones] ([id], [funcion]) VALUES (415, N'Entrega de expedienes de Junta Mixta Departamental')
INSERT [dbo].[funciones] ([id], [funcion]) VALUES (416, N'Solicitud de reunión o audicia con el o la Directora departamental de Educación')
INSERT [dbo].[funciones] ([id], [funcion]) VALUES (417, N' Analizar expedientes y otros documentos que ingresan al despacho, a fin de canalizarlos donde corresponda para el trámite respectivo. ')
INSERT [dbo].[funciones] ([id], [funcion]) VALUES (418, N'Coordinar la logística necesaria en diversos eventos internos y externos coordinados por el Despacho de la DIDEDUC. ')
INSERT [dbo].[funciones] ([id], [funcion]) VALUES (419, N' Brindar atención telefónica, por correo y personalmente a usuarios internos y externos sobre el trámite de la documentación y otros que se presenten en el área, con el fin de proporcionar información actualizada. ')
INSERT [dbo].[funciones] ([id], [funcion]) VALUES (420, N'Orientación sobre procesos de inventarios. ')
INSERT [dbo].[funciones] ([id], [funcion]) VALUES (421, N'Entrega de expedientes de baja, por robo, extravio, en mal estado. ')
INSERT [dbo].[funciones] ([id], [funcion]) VALUES (422, N'Seguimiento de casos de baja. ')
INSERT [dbo].[funciones] ([id], [funcion]) VALUES (423, N'Administraicón de  tarjetas de responsabilidad de servidores públicos.')
INSERT [dbo].[funciones] ([id], [funcion]) VALUES (424, N'Subscribir y certificar actas relacionadas con los bienes de inventario.')
INSERT [dbo].[funciones] ([id], [funcion]) VALUES (425, N'Elaborar y actualizar constantemente el registro de bienes fungibles. ')
INSERT [dbo].[funciones] ([id], [funcion]) VALUES (426, N'Solicitud de suministros, por recepción o entrega de documentos por diferentes comisiones.')
INSERT [dbo].[funciones] ([id], [funcion]) VALUES (427, N'Recibir, clasificar, estibar y resguardar todos los insumos y equipos guardados o adquiridos por la dirección departamental de educación.')
INSERT [dbo].[funciones] ([id], [funcion]) VALUES (428, N'Supervisar y realizar cuando corresponda, el registro y actualización de los ingresos y salida de los materiales y suministros enviados, donados o adquiridos con presupuesto propio a través de las hojas de kardex autorizadas por CGC. ')
INSERT [dbo].[funciones] ([id], [funcion]) VALUES (429, N' Elaborar las constancias de ingreso a almacén e inventarios- forma 1-H - los que forman parte de la documentación de soporte de los expedientes y otros registros según el bien. ')
INSERT [dbo].[funciones] ([id], [funcion]) VALUES (430, N'Realizar el registro y actualización de los ingresos y salida de los materiales y suministros enviados, donados o adquiridos con presupuesto propio a través de las hojas de kardex autorizado por CGC. ')
INSERT [dbo].[funciones] ([id], [funcion]) VALUES (431, N'Realizar inventarios físicos de las existencias en bodega. ')
SET IDENTITY_INSERT [dbo].[funciones] OFF
SET IDENTITY_INSERT [dbo].[funciones_funcionarios] ON 

INSERT [dbo].[funciones_funcionarios] ([id], [fk_id_funciones_FuncFunc], [fk_id_funcionarios_FuncFunc]) VALUES (1, 1, 29441865)
INSERT [dbo].[funciones_funcionarios] ([id], [fk_id_funciones_FuncFunc], [fk_id_funcionarios_FuncFunc]) VALUES (2, 2, 29441865)
INSERT [dbo].[funciones_funcionarios] ([id], [fk_id_funciones_FuncFunc], [fk_id_funcionarios_FuncFunc]) VALUES (3, 3, 29441865)
INSERT [dbo].[funciones_funcionarios] ([id], [fk_id_funciones_FuncFunc], [fk_id_funcionarios_FuncFunc]) VALUES (4, 4, 29441865)
INSERT [dbo].[funciones_funcionarios] ([id], [fk_id_funciones_FuncFunc], [fk_id_funcionarios_FuncFunc]) VALUES (5, 5, 29441865)
INSERT [dbo].[funciones_funcionarios] ([id], [fk_id_funciones_FuncFunc], [fk_id_funcionarios_FuncFunc]) VALUES (6, 6, 29441865)
INSERT [dbo].[funciones_funcionarios] ([id], [fk_id_funciones_FuncFunc], [fk_id_funcionarios_FuncFunc]) VALUES (7, 7, 29441865)
INSERT [dbo].[funciones_funcionarios] ([id], [fk_id_funciones_FuncFunc], [fk_id_funcionarios_FuncFunc]) VALUES (8, 8, 34523134)
INSERT [dbo].[funciones_funcionarios] ([id], [fk_id_funciones_FuncFunc], [fk_id_funcionarios_FuncFunc]) VALUES (9, 9, 34523134)
INSERT [dbo].[funciones_funcionarios] ([id], [fk_id_funciones_FuncFunc], [fk_id_funcionarios_FuncFunc]) VALUES (10, 10, 34523134)
INSERT [dbo].[funciones_funcionarios] ([id], [fk_id_funciones_FuncFunc], [fk_id_funcionarios_FuncFunc]) VALUES (11, 11, 34523134)
INSERT [dbo].[funciones_funcionarios] ([id], [fk_id_funciones_FuncFunc], [fk_id_funcionarios_FuncFunc]) VALUES (12, 12, 34523134)
INSERT [dbo].[funciones_funcionarios] ([id], [fk_id_funciones_FuncFunc], [fk_id_funcionarios_FuncFunc]) VALUES (13, 13, 34523134)
INSERT [dbo].[funciones_funcionarios] ([id], [fk_id_funciones_FuncFunc], [fk_id_funcionarios_FuncFunc]) VALUES (14, 14, 86650851)
INSERT [dbo].[funciones_funcionarios] ([id], [fk_id_funciones_FuncFunc], [fk_id_funcionarios_FuncFunc]) VALUES (15, 15, 86650851)
INSERT [dbo].[funciones_funcionarios] ([id], [fk_id_funciones_FuncFunc], [fk_id_funcionarios_FuncFunc]) VALUES (16, 16, 86650851)
INSERT [dbo].[funciones_funcionarios] ([id], [fk_id_funciones_FuncFunc], [fk_id_funcionarios_FuncFunc]) VALUES (17, 17, 86650851)
INSERT [dbo].[funciones_funcionarios] ([id], [fk_id_funciones_FuncFunc], [fk_id_funcionarios_FuncFunc]) VALUES (18, 18, 86650851)
INSERT [dbo].[funciones_funcionarios] ([id], [fk_id_funciones_FuncFunc], [fk_id_funcionarios_FuncFunc]) VALUES (19, 19, 86650851)
INSERT [dbo].[funciones_funcionarios] ([id], [fk_id_funciones_FuncFunc], [fk_id_funcionarios_FuncFunc]) VALUES (20, 20, 86650851)
INSERT [dbo].[funciones_funcionarios] ([id], [fk_id_funciones_FuncFunc], [fk_id_funcionarios_FuncFunc]) VALUES (21, 21, 86650851)
INSERT [dbo].[funciones_funcionarios] ([id], [fk_id_funciones_FuncFunc], [fk_id_funcionarios_FuncFunc]) VALUES (22, 22, 86650851)
INSERT [dbo].[funciones_funcionarios] ([id], [fk_id_funciones_FuncFunc], [fk_id_funcionarios_FuncFunc]) VALUES (23, 23, 86650851)
INSERT [dbo].[funciones_funcionarios] ([id], [fk_id_funciones_FuncFunc], [fk_id_funcionarios_FuncFunc]) VALUES (24, 24, 86650851)
INSERT [dbo].[funciones_funcionarios] ([id], [fk_id_funciones_FuncFunc], [fk_id_funcionarios_FuncFunc]) VALUES (25, 25, 86650851)
INSERT [dbo].[funciones_funcionarios] ([id], [fk_id_funciones_FuncFunc], [fk_id_funcionarios_FuncFunc]) VALUES (26, 26, 86650851)
INSERT [dbo].[funciones_funcionarios] ([id], [fk_id_funciones_FuncFunc], [fk_id_funcionarios_FuncFunc]) VALUES (27, 27, 86650851)
INSERT [dbo].[funciones_funcionarios] ([id], [fk_id_funciones_FuncFunc], [fk_id_funcionarios_FuncFunc]) VALUES (28, 28, 86650851)
INSERT [dbo].[funciones_funcionarios] ([id], [fk_id_funciones_FuncFunc], [fk_id_funcionarios_FuncFunc]) VALUES (29, 29, 86650851)
INSERT [dbo].[funciones_funcionarios] ([id], [fk_id_funciones_FuncFunc], [fk_id_funcionarios_FuncFunc]) VALUES (30, 30, 86650851)
INSERT [dbo].[funciones_funcionarios] ([id], [fk_id_funciones_FuncFunc], [fk_id_funcionarios_FuncFunc]) VALUES (31, 31, 86650851)
INSERT [dbo].[funciones_funcionarios] ([id], [fk_id_funciones_FuncFunc], [fk_id_funcionarios_FuncFunc]) VALUES (32, 32, 86650851)
INSERT [dbo].[funciones_funcionarios] ([id], [fk_id_funciones_FuncFunc], [fk_id_funcionarios_FuncFunc]) VALUES (33, 33, 24008276)
INSERT [dbo].[funciones_funcionarios] ([id], [fk_id_funciones_FuncFunc], [fk_id_funcionarios_FuncFunc]) VALUES (34, 34, 24008276)
INSERT [dbo].[funciones_funcionarios] ([id], [fk_id_funciones_FuncFunc], [fk_id_funcionarios_FuncFunc]) VALUES (35, 35, 24008276)
INSERT [dbo].[funciones_funcionarios] ([id], [fk_id_funciones_FuncFunc], [fk_id_funcionarios_FuncFunc]) VALUES (36, 36, 24008276)
INSERT [dbo].[funciones_funcionarios] ([id], [fk_id_funciones_FuncFunc], [fk_id_funcionarios_FuncFunc]) VALUES (37, 37, 24008276)
INSERT [dbo].[funciones_funcionarios] ([id], [fk_id_funciones_FuncFunc], [fk_id_funcionarios_FuncFunc]) VALUES (38, 38, 24008276)
INSERT [dbo].[funciones_funcionarios] ([id], [fk_id_funciones_FuncFunc], [fk_id_funcionarios_FuncFunc]) VALUES (39, 39, 39450163)
INSERT [dbo].[funciones_funcionarios] ([id], [fk_id_funciones_FuncFunc], [fk_id_funcionarios_FuncFunc]) VALUES (40, 40, 39450163)
INSERT [dbo].[funciones_funcionarios] ([id], [fk_id_funciones_FuncFunc], [fk_id_funcionarios_FuncFunc]) VALUES (41, 41, 39450163)
INSERT [dbo].[funciones_funcionarios] ([id], [fk_id_funciones_FuncFunc], [fk_id_funcionarios_FuncFunc]) VALUES (42, 42, 39450163)
INSERT [dbo].[funciones_funcionarios] ([id], [fk_id_funciones_FuncFunc], [fk_id_funcionarios_FuncFunc]) VALUES (43, 43, 39450163)
INSERT [dbo].[funciones_funcionarios] ([id], [fk_id_funciones_FuncFunc], [fk_id_funcionarios_FuncFunc]) VALUES (44, 44, 39450163)
INSERT [dbo].[funciones_funcionarios] ([id], [fk_id_funciones_FuncFunc], [fk_id_funcionarios_FuncFunc]) VALUES (45, 45, 39450163)
INSERT [dbo].[funciones_funcionarios] ([id], [fk_id_funciones_FuncFunc], [fk_id_funcionarios_FuncFunc]) VALUES (46, 46, 39450163)
INSERT [dbo].[funciones_funcionarios] ([id], [fk_id_funciones_FuncFunc], [fk_id_funcionarios_FuncFunc]) VALUES (47, 47, 42133220)
INSERT [dbo].[funciones_funcionarios] ([id], [fk_id_funciones_FuncFunc], [fk_id_funcionarios_FuncFunc]) VALUES (48, 48, 42133220)
INSERT [dbo].[funciones_funcionarios] ([id], [fk_id_funciones_FuncFunc], [fk_id_funcionarios_FuncFunc]) VALUES (49, 49, 42133220)
INSERT [dbo].[funciones_funcionarios] ([id], [fk_id_funciones_FuncFunc], [fk_id_funcionarios_FuncFunc]) VALUES (50, 50, 42133220)
INSERT [dbo].[funciones_funcionarios] ([id], [fk_id_funciones_FuncFunc], [fk_id_funcionarios_FuncFunc]) VALUES (51, 51, 34295091)
INSERT [dbo].[funciones_funcionarios] ([id], [fk_id_funciones_FuncFunc], [fk_id_funcionarios_FuncFunc]) VALUES (52, 52, 34295091)
INSERT [dbo].[funciones_funcionarios] ([id], [fk_id_funciones_FuncFunc], [fk_id_funcionarios_FuncFunc]) VALUES (53, 53, 34295091)
INSERT [dbo].[funciones_funcionarios] ([id], [fk_id_funciones_FuncFunc], [fk_id_funcionarios_FuncFunc]) VALUES (54, 54, 34295091)
INSERT [dbo].[funciones_funcionarios] ([id], [fk_id_funciones_FuncFunc], [fk_id_funcionarios_FuncFunc]) VALUES (55, 55, 34295091)
INSERT [dbo].[funciones_funcionarios] ([id], [fk_id_funciones_FuncFunc], [fk_id_funcionarios_FuncFunc]) VALUES (56, 51, 67185906)
INSERT [dbo].[funciones_funcionarios] ([id], [fk_id_funciones_FuncFunc], [fk_id_funcionarios_FuncFunc]) VALUES (57, 52, 67185906)
INSERT [dbo].[funciones_funcionarios] ([id], [fk_id_funciones_FuncFunc], [fk_id_funcionarios_FuncFunc]) VALUES (58, 53, 67185906)
INSERT [dbo].[funciones_funcionarios] ([id], [fk_id_funciones_FuncFunc], [fk_id_funcionarios_FuncFunc]) VALUES (59, 56, 67185906)
INSERT [dbo].[funciones_funcionarios] ([id], [fk_id_funciones_FuncFunc], [fk_id_funcionarios_FuncFunc]) VALUES (60, 55, 67185906)
INSERT [dbo].[funciones_funcionarios] ([id], [fk_id_funciones_FuncFunc], [fk_id_funcionarios_FuncFunc]) VALUES (61, 57, 36204249)
INSERT [dbo].[funciones_funcionarios] ([id], [fk_id_funciones_FuncFunc], [fk_id_funcionarios_FuncFunc]) VALUES (62, 58, 36204249)
INSERT [dbo].[funciones_funcionarios] ([id], [fk_id_funciones_FuncFunc], [fk_id_funcionarios_FuncFunc]) VALUES (63, 59, 36204249)
INSERT [dbo].[funciones_funcionarios] ([id], [fk_id_funciones_FuncFunc], [fk_id_funcionarios_FuncFunc]) VALUES (64, 60, 36204249)
INSERT [dbo].[funciones_funcionarios] ([id], [fk_id_funciones_FuncFunc], [fk_id_funcionarios_FuncFunc]) VALUES (65, 61, 36204249)
INSERT [dbo].[funciones_funcionarios] ([id], [fk_id_funciones_FuncFunc], [fk_id_funcionarios_FuncFunc]) VALUES (66, 62, 36204249)
INSERT [dbo].[funciones_funcionarios] ([id], [fk_id_funciones_FuncFunc], [fk_id_funcionarios_FuncFunc]) VALUES (67, 63, 36204249)
INSERT [dbo].[funciones_funcionarios] ([id], [fk_id_funciones_FuncFunc], [fk_id_funcionarios_FuncFunc]) VALUES (68, 64, 36204249)
INSERT [dbo].[funciones_funcionarios] ([id], [fk_id_funciones_FuncFunc], [fk_id_funcionarios_FuncFunc]) VALUES (69, 65, 36204249)
INSERT [dbo].[funciones_funcionarios] ([id], [fk_id_funciones_FuncFunc], [fk_id_funcionarios_FuncFunc]) VALUES (70, 66, 36204249)
INSERT [dbo].[funciones_funcionarios] ([id], [fk_id_funciones_FuncFunc], [fk_id_funcionarios_FuncFunc]) VALUES (71, 67, 36204249)
INSERT [dbo].[funciones_funcionarios] ([id], [fk_id_funciones_FuncFunc], [fk_id_funcionarios_FuncFunc]) VALUES (72, 68, 36204249)
INSERT [dbo].[funciones_funcionarios] ([id], [fk_id_funciones_FuncFunc], [fk_id_funcionarios_FuncFunc]) VALUES (73, 69, 36204249)
INSERT [dbo].[funciones_funcionarios] ([id], [fk_id_funciones_FuncFunc], [fk_id_funcionarios_FuncFunc]) VALUES (74, 70, 36204249)
INSERT [dbo].[funciones_funcionarios] ([id], [fk_id_funciones_FuncFunc], [fk_id_funcionarios_FuncFunc]) VALUES (75, 71, 26187422)
INSERT [dbo].[funciones_funcionarios] ([id], [fk_id_funciones_FuncFunc], [fk_id_funcionarios_FuncFunc]) VALUES (76, 62, 26187422)
INSERT [dbo].[funciones_funcionarios] ([id], [fk_id_funciones_FuncFunc], [fk_id_funcionarios_FuncFunc]) VALUES (77, 63, 26187422)
INSERT [dbo].[funciones_funcionarios] ([id], [fk_id_funciones_FuncFunc], [fk_id_funcionarios_FuncFunc]) VALUES (78, 73, 26187422)
INSERT [dbo].[funciones_funcionarios] ([id], [fk_id_funciones_FuncFunc], [fk_id_funcionarios_FuncFunc]) VALUES (79, 5, 26187422)
INSERT [dbo].[funciones_funcionarios] ([id], [fk_id_funciones_FuncFunc], [fk_id_funcionarios_FuncFunc]) VALUES (80, 74, 26187422)
INSERT [dbo].[funciones_funcionarios] ([id], [fk_id_funciones_FuncFunc], [fk_id_funcionarios_FuncFunc]) VALUES (81, 75, 26187422)
INSERT [dbo].[funciones_funcionarios] ([id], [fk_id_funciones_FuncFunc], [fk_id_funcionarios_FuncFunc]) VALUES (82, 76, 26187422)
INSERT [dbo].[funciones_funcionarios] ([id], [fk_id_funciones_FuncFunc], [fk_id_funcionarios_FuncFunc]) VALUES (83, 77, 94633301)
INSERT [dbo].[funciones_funcionarios] ([id], [fk_id_funciones_FuncFunc], [fk_id_funcionarios_FuncFunc]) VALUES (84, 78, 94633301)
INSERT [dbo].[funciones_funcionarios] ([id], [fk_id_funciones_FuncFunc], [fk_id_funcionarios_FuncFunc]) VALUES (85, 79, 94633301)
INSERT [dbo].[funciones_funcionarios] ([id], [fk_id_funciones_FuncFunc], [fk_id_funcionarios_FuncFunc]) VALUES (86, 80, 94633301)
INSERT [dbo].[funciones_funcionarios] ([id], [fk_id_funciones_FuncFunc], [fk_id_funcionarios_FuncFunc]) VALUES (87, 81, 94633301)
INSERT [dbo].[funciones_funcionarios] ([id], [fk_id_funciones_FuncFunc], [fk_id_funcionarios_FuncFunc]) VALUES (88, 82, 94633301)
INSERT [dbo].[funciones_funcionarios] ([id], [fk_id_funciones_FuncFunc], [fk_id_funcionarios_FuncFunc]) VALUES (89, 83, 94633301)
INSERT [dbo].[funciones_funcionarios] ([id], [fk_id_funciones_FuncFunc], [fk_id_funcionarios_FuncFunc]) VALUES (90, 84, 94633301)
INSERT [dbo].[funciones_funcionarios] ([id], [fk_id_funciones_FuncFunc], [fk_id_funcionarios_FuncFunc]) VALUES (91, 85, 81829466)
INSERT [dbo].[funciones_funcionarios] ([id], [fk_id_funciones_FuncFunc], [fk_id_funcionarios_FuncFunc]) VALUES (92, 86, 81829466)
INSERT [dbo].[funciones_funcionarios] ([id], [fk_id_funciones_FuncFunc], [fk_id_funcionarios_FuncFunc]) VALUES (93, 87, 81829466)
INSERT [dbo].[funciones_funcionarios] ([id], [fk_id_funciones_FuncFunc], [fk_id_funcionarios_FuncFunc]) VALUES (94, 88, 81829466)
INSERT [dbo].[funciones_funcionarios] ([id], [fk_id_funciones_FuncFunc], [fk_id_funcionarios_FuncFunc]) VALUES (95, 89, 81829466)
INSERT [dbo].[funciones_funcionarios] ([id], [fk_id_funciones_FuncFunc], [fk_id_funcionarios_FuncFunc]) VALUES (96, 90, 81829466)
INSERT [dbo].[funciones_funcionarios] ([id], [fk_id_funciones_FuncFunc], [fk_id_funcionarios_FuncFunc]) VALUES (97, 91, 81829466)
INSERT [dbo].[funciones_funcionarios] ([id], [fk_id_funciones_FuncFunc], [fk_id_funcionarios_FuncFunc]) VALUES (98, 92, 81829466)
INSERT [dbo].[funciones_funcionarios] ([id], [fk_id_funciones_FuncFunc], [fk_id_funcionarios_FuncFunc]) VALUES (99, 93, 81829466)
GO
INSERT [dbo].[funciones_funcionarios] ([id], [fk_id_funciones_FuncFunc], [fk_id_funcionarios_FuncFunc]) VALUES (100, 94, 81829466)
INSERT [dbo].[funciones_funcionarios] ([id], [fk_id_funciones_FuncFunc], [fk_id_funcionarios_FuncFunc]) VALUES (101, 95, 92600111)
INSERT [dbo].[funciones_funcionarios] ([id], [fk_id_funciones_FuncFunc], [fk_id_funcionarios_FuncFunc]) VALUES (102, 96, 92600111)
INSERT [dbo].[funciones_funcionarios] ([id], [fk_id_funciones_FuncFunc], [fk_id_funcionarios_FuncFunc]) VALUES (103, 97, 92600111)
INSERT [dbo].[funciones_funcionarios] ([id], [fk_id_funciones_FuncFunc], [fk_id_funcionarios_FuncFunc]) VALUES (104, 98, 92600111)
INSERT [dbo].[funciones_funcionarios] ([id], [fk_id_funciones_FuncFunc], [fk_id_funcionarios_FuncFunc]) VALUES (105, 99, 92600111)
INSERT [dbo].[funciones_funcionarios] ([id], [fk_id_funciones_FuncFunc], [fk_id_funcionarios_FuncFunc]) VALUES (106, 100, 92600111)
INSERT [dbo].[funciones_funcionarios] ([id], [fk_id_funciones_FuncFunc], [fk_id_funcionarios_FuncFunc]) VALUES (107, 101, 92600111)
INSERT [dbo].[funciones_funcionarios] ([id], [fk_id_funciones_FuncFunc], [fk_id_funcionarios_FuncFunc]) VALUES (108, 102, 10004389)
INSERT [dbo].[funciones_funcionarios] ([id], [fk_id_funciones_FuncFunc], [fk_id_funcionarios_FuncFunc]) VALUES (109, 103, 10004389)
INSERT [dbo].[funciones_funcionarios] ([id], [fk_id_funciones_FuncFunc], [fk_id_funcionarios_FuncFunc]) VALUES (110, 100, 10004389)
INSERT [dbo].[funciones_funcionarios] ([id], [fk_id_funciones_FuncFunc], [fk_id_funcionarios_FuncFunc]) VALUES (111, 104, 12876340)
INSERT [dbo].[funciones_funcionarios] ([id], [fk_id_funciones_FuncFunc], [fk_id_funcionarios_FuncFunc]) VALUES (112, 105, 12876340)
INSERT [dbo].[funciones_funcionarios] ([id], [fk_id_funciones_FuncFunc], [fk_id_funcionarios_FuncFunc]) VALUES (113, 106, 12876340)
INSERT [dbo].[funciones_funcionarios] ([id], [fk_id_funciones_FuncFunc], [fk_id_funcionarios_FuncFunc]) VALUES (114, 107, 12876340)
INSERT [dbo].[funciones_funcionarios] ([id], [fk_id_funciones_FuncFunc], [fk_id_funcionarios_FuncFunc]) VALUES (115, 108, 12876340)
INSERT [dbo].[funciones_funcionarios] ([id], [fk_id_funciones_FuncFunc], [fk_id_funcionarios_FuncFunc]) VALUES (116, 109, 12876340)
INSERT [dbo].[funciones_funcionarios] ([id], [fk_id_funciones_FuncFunc], [fk_id_funcionarios_FuncFunc]) VALUES (117, 110, 12876340)
INSERT [dbo].[funciones_funcionarios] ([id], [fk_id_funciones_FuncFunc], [fk_id_funcionarios_FuncFunc]) VALUES (118, 111, 77316694)
INSERT [dbo].[funciones_funcionarios] ([id], [fk_id_funciones_FuncFunc], [fk_id_funcionarios_FuncFunc]) VALUES (119, 112, 77316694)
INSERT [dbo].[funciones_funcionarios] ([id], [fk_id_funciones_FuncFunc], [fk_id_funcionarios_FuncFunc]) VALUES (120, 113, 77316694)
INSERT [dbo].[funciones_funcionarios] ([id], [fk_id_funciones_FuncFunc], [fk_id_funcionarios_FuncFunc]) VALUES (121, 114, 77316694)
INSERT [dbo].[funciones_funcionarios] ([id], [fk_id_funciones_FuncFunc], [fk_id_funcionarios_FuncFunc]) VALUES (122, 115, 77316694)
INSERT [dbo].[funciones_funcionarios] ([id], [fk_id_funciones_FuncFunc], [fk_id_funcionarios_FuncFunc]) VALUES (123, 116, 77316694)
INSERT [dbo].[funciones_funcionarios] ([id], [fk_id_funciones_FuncFunc], [fk_id_funcionarios_FuncFunc]) VALUES (124, 117, 77316694)
INSERT [dbo].[funciones_funcionarios] ([id], [fk_id_funciones_FuncFunc], [fk_id_funcionarios_FuncFunc]) VALUES (125, 118, 77316694)
INSERT [dbo].[funciones_funcionarios] ([id], [fk_id_funciones_FuncFunc], [fk_id_funcionarios_FuncFunc]) VALUES (126, 119, 77316694)
INSERT [dbo].[funciones_funcionarios] ([id], [fk_id_funciones_FuncFunc], [fk_id_funcionarios_FuncFunc]) VALUES (127, 120, 77316694)
INSERT [dbo].[funciones_funcionarios] ([id], [fk_id_funciones_FuncFunc], [fk_id_funcionarios_FuncFunc]) VALUES (128, 121, 77316694)
INSERT [dbo].[funciones_funcionarios] ([id], [fk_id_funciones_FuncFunc], [fk_id_funcionarios_FuncFunc]) VALUES (129, 122, 77316694)
INSERT [dbo].[funciones_funcionarios] ([id], [fk_id_funciones_FuncFunc], [fk_id_funcionarios_FuncFunc]) VALUES (130, 123, 51588227)
INSERT [dbo].[funciones_funcionarios] ([id], [fk_id_funciones_FuncFunc], [fk_id_funcionarios_FuncFunc]) VALUES (131, 124, 51588227)
INSERT [dbo].[funciones_funcionarios] ([id], [fk_id_funciones_FuncFunc], [fk_id_funcionarios_FuncFunc]) VALUES (132, 125, 51588227)
INSERT [dbo].[funciones_funcionarios] ([id], [fk_id_funciones_FuncFunc], [fk_id_funcionarios_FuncFunc]) VALUES (133, 126, 51588227)
INSERT [dbo].[funciones_funcionarios] ([id], [fk_id_funciones_FuncFunc], [fk_id_funcionarios_FuncFunc]) VALUES (134, 127, 51588227)
INSERT [dbo].[funciones_funcionarios] ([id], [fk_id_funciones_FuncFunc], [fk_id_funcionarios_FuncFunc]) VALUES (135, 128, 51588227)
INSERT [dbo].[funciones_funcionarios] ([id], [fk_id_funciones_FuncFunc], [fk_id_funcionarios_FuncFunc]) VALUES (136, 129, 51588227)
INSERT [dbo].[funciones_funcionarios] ([id], [fk_id_funciones_FuncFunc], [fk_id_funcionarios_FuncFunc]) VALUES (137, 130, 51588227)
INSERT [dbo].[funciones_funcionarios] ([id], [fk_id_funciones_FuncFunc], [fk_id_funcionarios_FuncFunc]) VALUES (138, 131, 51588227)
INSERT [dbo].[funciones_funcionarios] ([id], [fk_id_funciones_FuncFunc], [fk_id_funcionarios_FuncFunc]) VALUES (139, 132, 51588227)
INSERT [dbo].[funciones_funcionarios] ([id], [fk_id_funciones_FuncFunc], [fk_id_funcionarios_FuncFunc]) VALUES (140, 133, 51588227)
INSERT [dbo].[funciones_funcionarios] ([id], [fk_id_funciones_FuncFunc], [fk_id_funcionarios_FuncFunc]) VALUES (141, 123, 50921855)
INSERT [dbo].[funciones_funcionarios] ([id], [fk_id_funciones_FuncFunc], [fk_id_funcionarios_FuncFunc]) VALUES (142, 124, 50921855)
INSERT [dbo].[funciones_funcionarios] ([id], [fk_id_funciones_FuncFunc], [fk_id_funcionarios_FuncFunc]) VALUES (143, 125, 50921855)
INSERT [dbo].[funciones_funcionarios] ([id], [fk_id_funciones_FuncFunc], [fk_id_funcionarios_FuncFunc]) VALUES (144, 126, 50921855)
INSERT [dbo].[funciones_funcionarios] ([id], [fk_id_funciones_FuncFunc], [fk_id_funcionarios_FuncFunc]) VALUES (145, 127, 50921855)
INSERT [dbo].[funciones_funcionarios] ([id], [fk_id_funciones_FuncFunc], [fk_id_funcionarios_FuncFunc]) VALUES (146, 134, 50921855)
INSERT [dbo].[funciones_funcionarios] ([id], [fk_id_funciones_FuncFunc], [fk_id_funcionarios_FuncFunc]) VALUES (147, 129, 50921855)
INSERT [dbo].[funciones_funcionarios] ([id], [fk_id_funciones_FuncFunc], [fk_id_funcionarios_FuncFunc]) VALUES (148, 130, 50921855)
INSERT [dbo].[funciones_funcionarios] ([id], [fk_id_funciones_FuncFunc], [fk_id_funcionarios_FuncFunc]) VALUES (149, 131, 50921855)
INSERT [dbo].[funciones_funcionarios] ([id], [fk_id_funciones_FuncFunc], [fk_id_funcionarios_FuncFunc]) VALUES (150, 133, 50921855)
INSERT [dbo].[funciones_funcionarios] ([id], [fk_id_funciones_FuncFunc], [fk_id_funcionarios_FuncFunc]) VALUES (151, 135, 52238967)
INSERT [dbo].[funciones_funcionarios] ([id], [fk_id_funciones_FuncFunc], [fk_id_funcionarios_FuncFunc]) VALUES (152, 136, 52238967)
INSERT [dbo].[funciones_funcionarios] ([id], [fk_id_funciones_FuncFunc], [fk_id_funcionarios_FuncFunc]) VALUES (153, 137, 52238967)
INSERT [dbo].[funciones_funcionarios] ([id], [fk_id_funciones_FuncFunc], [fk_id_funcionarios_FuncFunc]) VALUES (154, 138, 52238967)
INSERT [dbo].[funciones_funcionarios] ([id], [fk_id_funciones_FuncFunc], [fk_id_funcionarios_FuncFunc]) VALUES (155, 139, 52238967)
INSERT [dbo].[funciones_funcionarios] ([id], [fk_id_funciones_FuncFunc], [fk_id_funcionarios_FuncFunc]) VALUES (156, 140, 52238967)
INSERT [dbo].[funciones_funcionarios] ([id], [fk_id_funciones_FuncFunc], [fk_id_funcionarios_FuncFunc]) VALUES (157, 141, 52238967)
INSERT [dbo].[funciones_funcionarios] ([id], [fk_id_funciones_FuncFunc], [fk_id_funcionarios_FuncFunc]) VALUES (158, 142, 52238967)
INSERT [dbo].[funciones_funcionarios] ([id], [fk_id_funciones_FuncFunc], [fk_id_funcionarios_FuncFunc]) VALUES (159, 143, 88707951)
INSERT [dbo].[funciones_funcionarios] ([id], [fk_id_funciones_FuncFunc], [fk_id_funcionarios_FuncFunc]) VALUES (160, 144, 88707951)
INSERT [dbo].[funciones_funcionarios] ([id], [fk_id_funciones_FuncFunc], [fk_id_funcionarios_FuncFunc]) VALUES (161, 145, 88707951)
INSERT [dbo].[funciones_funcionarios] ([id], [fk_id_funciones_FuncFunc], [fk_id_funcionarios_FuncFunc]) VALUES (162, 146, 88707951)
INSERT [dbo].[funciones_funcionarios] ([id], [fk_id_funciones_FuncFunc], [fk_id_funcionarios_FuncFunc]) VALUES (163, 147, 61035858)
INSERT [dbo].[funciones_funcionarios] ([id], [fk_id_funciones_FuncFunc], [fk_id_funcionarios_FuncFunc]) VALUES (164, 148, 61035858)
INSERT [dbo].[funciones_funcionarios] ([id], [fk_id_funciones_FuncFunc], [fk_id_funcionarios_FuncFunc]) VALUES (165, 149, 61035858)
INSERT [dbo].[funciones_funcionarios] ([id], [fk_id_funciones_FuncFunc], [fk_id_funcionarios_FuncFunc]) VALUES (166, 150, 61035858)
INSERT [dbo].[funciones_funcionarios] ([id], [fk_id_funciones_FuncFunc], [fk_id_funcionarios_FuncFunc]) VALUES (167, 151, 61035858)
INSERT [dbo].[funciones_funcionarios] ([id], [fk_id_funciones_FuncFunc], [fk_id_funcionarios_FuncFunc]) VALUES (168, 152, 61035858)
INSERT [dbo].[funciones_funcionarios] ([id], [fk_id_funciones_FuncFunc], [fk_id_funcionarios_FuncFunc]) VALUES (169, 153, 31079059)
INSERT [dbo].[funciones_funcionarios] ([id], [fk_id_funciones_FuncFunc], [fk_id_funcionarios_FuncFunc]) VALUES (170, 154, 31079059)
INSERT [dbo].[funciones_funcionarios] ([id], [fk_id_funciones_FuncFunc], [fk_id_funcionarios_FuncFunc]) VALUES (171, 155, 31079059)
INSERT [dbo].[funciones_funcionarios] ([id], [fk_id_funciones_FuncFunc], [fk_id_funcionarios_FuncFunc]) VALUES (172, 156, 31079059)
INSERT [dbo].[funciones_funcionarios] ([id], [fk_id_funciones_FuncFunc], [fk_id_funcionarios_FuncFunc]) VALUES (173, 157, 31079059)
INSERT [dbo].[funciones_funcionarios] ([id], [fk_id_funciones_FuncFunc], [fk_id_funcionarios_FuncFunc]) VALUES (174, 158, 31079059)
INSERT [dbo].[funciones_funcionarios] ([id], [fk_id_funciones_FuncFunc], [fk_id_funcionarios_FuncFunc]) VALUES (175, 159, 31079059)
INSERT [dbo].[funciones_funcionarios] ([id], [fk_id_funciones_FuncFunc], [fk_id_funcionarios_FuncFunc]) VALUES (176, 160, 31079059)
INSERT [dbo].[funciones_funcionarios] ([id], [fk_id_funciones_FuncFunc], [fk_id_funcionarios_FuncFunc]) VALUES (177, 161, 55349890)
INSERT [dbo].[funciones_funcionarios] ([id], [fk_id_funciones_FuncFunc], [fk_id_funcionarios_FuncFunc]) VALUES (178, 162, 55349890)
INSERT [dbo].[funciones_funcionarios] ([id], [fk_id_funciones_FuncFunc], [fk_id_funcionarios_FuncFunc]) VALUES (179, 163, 55349890)
INSERT [dbo].[funciones_funcionarios] ([id], [fk_id_funciones_FuncFunc], [fk_id_funcionarios_FuncFunc]) VALUES (180, 164, 55349890)
INSERT [dbo].[funciones_funcionarios] ([id], [fk_id_funciones_FuncFunc], [fk_id_funcionarios_FuncFunc]) VALUES (181, 165, 55349890)
INSERT [dbo].[funciones_funcionarios] ([id], [fk_id_funciones_FuncFunc], [fk_id_funcionarios_FuncFunc]) VALUES (182, 166, 55349890)
INSERT [dbo].[funciones_funcionarios] ([id], [fk_id_funciones_FuncFunc], [fk_id_funcionarios_FuncFunc]) VALUES (183, 167, 55349890)
INSERT [dbo].[funciones_funcionarios] ([id], [fk_id_funciones_FuncFunc], [fk_id_funcionarios_FuncFunc]) VALUES (184, 168, 55349890)
INSERT [dbo].[funciones_funcionarios] ([id], [fk_id_funciones_FuncFunc], [fk_id_funcionarios_FuncFunc]) VALUES (185, 169, 55349890)
INSERT [dbo].[funciones_funcionarios] ([id], [fk_id_funciones_FuncFunc], [fk_id_funcionarios_FuncFunc]) VALUES (186, 170, 55349890)
INSERT [dbo].[funciones_funcionarios] ([id], [fk_id_funciones_FuncFunc], [fk_id_funcionarios_FuncFunc]) VALUES (187, 171, 55349890)
INSERT [dbo].[funciones_funcionarios] ([id], [fk_id_funciones_FuncFunc], [fk_id_funcionarios_FuncFunc]) VALUES (188, 172, 76787398)
INSERT [dbo].[funciones_funcionarios] ([id], [fk_id_funciones_FuncFunc], [fk_id_funcionarios_FuncFunc]) VALUES (189, 173, 76787398)
INSERT [dbo].[funciones_funcionarios] ([id], [fk_id_funciones_FuncFunc], [fk_id_funcionarios_FuncFunc]) VALUES (190, 174, 76787398)
INSERT [dbo].[funciones_funcionarios] ([id], [fk_id_funciones_FuncFunc], [fk_id_funcionarios_FuncFunc]) VALUES (191, 175, 76787398)
INSERT [dbo].[funciones_funcionarios] ([id], [fk_id_funciones_FuncFunc], [fk_id_funcionarios_FuncFunc]) VALUES (192, 176, 76787398)
INSERT [dbo].[funciones_funcionarios] ([id], [fk_id_funciones_FuncFunc], [fk_id_funcionarios_FuncFunc]) VALUES (193, 177, 76787398)
INSERT [dbo].[funciones_funcionarios] ([id], [fk_id_funciones_FuncFunc], [fk_id_funcionarios_FuncFunc]) VALUES (194, 178, 76787398)
INSERT [dbo].[funciones_funcionarios] ([id], [fk_id_funciones_FuncFunc], [fk_id_funcionarios_FuncFunc]) VALUES (195, 179, 76787398)
INSERT [dbo].[funciones_funcionarios] ([id], [fk_id_funciones_FuncFunc], [fk_id_funcionarios_FuncFunc]) VALUES (196, 180, 69051510)
INSERT [dbo].[funciones_funcionarios] ([id], [fk_id_funciones_FuncFunc], [fk_id_funcionarios_FuncFunc]) VALUES (197, 181, 69051510)
INSERT [dbo].[funciones_funcionarios] ([id], [fk_id_funciones_FuncFunc], [fk_id_funcionarios_FuncFunc]) VALUES (198, 182, 69051510)
INSERT [dbo].[funciones_funcionarios] ([id], [fk_id_funciones_FuncFunc], [fk_id_funcionarios_FuncFunc]) VALUES (199, 183, 69051510)
GO
INSERT [dbo].[funciones_funcionarios] ([id], [fk_id_funciones_FuncFunc], [fk_id_funcionarios_FuncFunc]) VALUES (200, 184, 69051510)
INSERT [dbo].[funciones_funcionarios] ([id], [fk_id_funciones_FuncFunc], [fk_id_funcionarios_FuncFunc]) VALUES (201, 185, 69051510)
INSERT [dbo].[funciones_funcionarios] ([id], [fk_id_funciones_FuncFunc], [fk_id_funcionarios_FuncFunc]) VALUES (202, 186, 68402965)
INSERT [dbo].[funciones_funcionarios] ([id], [fk_id_funciones_FuncFunc], [fk_id_funcionarios_FuncFunc]) VALUES (203, 187, 68402965)
INSERT [dbo].[funciones_funcionarios] ([id], [fk_id_funciones_FuncFunc], [fk_id_funcionarios_FuncFunc]) VALUES (204, 188, 68402965)
INSERT [dbo].[funciones_funcionarios] ([id], [fk_id_funciones_FuncFunc], [fk_id_funcionarios_FuncFunc]) VALUES (205, 189, 68402965)
INSERT [dbo].[funciones_funcionarios] ([id], [fk_id_funciones_FuncFunc], [fk_id_funcionarios_FuncFunc]) VALUES (206, 190, 68402965)
INSERT [dbo].[funciones_funcionarios] ([id], [fk_id_funciones_FuncFunc], [fk_id_funcionarios_FuncFunc]) VALUES (207, 191, 68402965)
INSERT [dbo].[funciones_funcionarios] ([id], [fk_id_funciones_FuncFunc], [fk_id_funcionarios_FuncFunc]) VALUES (208, 192, 68402965)
INSERT [dbo].[funciones_funcionarios] ([id], [fk_id_funciones_FuncFunc], [fk_id_funcionarios_FuncFunc]) VALUES (209, 193, 68402965)
INSERT [dbo].[funciones_funcionarios] ([id], [fk_id_funciones_FuncFunc], [fk_id_funcionarios_FuncFunc]) VALUES (210, 194, 81435068)
INSERT [dbo].[funciones_funcionarios] ([id], [fk_id_funciones_FuncFunc], [fk_id_funcionarios_FuncFunc]) VALUES (211, 195, 81435068)
INSERT [dbo].[funciones_funcionarios] ([id], [fk_id_funciones_FuncFunc], [fk_id_funcionarios_FuncFunc]) VALUES (212, 196, 81435068)
INSERT [dbo].[funciones_funcionarios] ([id], [fk_id_funciones_FuncFunc], [fk_id_funcionarios_FuncFunc]) VALUES (213, 197, 81435068)
INSERT [dbo].[funciones_funcionarios] ([id], [fk_id_funciones_FuncFunc], [fk_id_funcionarios_FuncFunc]) VALUES (214, 198, 81435068)
INSERT [dbo].[funciones_funcionarios] ([id], [fk_id_funciones_FuncFunc], [fk_id_funcionarios_FuncFunc]) VALUES (215, 199, 81435068)
INSERT [dbo].[funciones_funcionarios] ([id], [fk_id_funciones_FuncFunc], [fk_id_funcionarios_FuncFunc]) VALUES (216, 200, 81435068)
INSERT [dbo].[funciones_funcionarios] ([id], [fk_id_funciones_FuncFunc], [fk_id_funcionarios_FuncFunc]) VALUES (217, 201, 20768591)
INSERT [dbo].[funciones_funcionarios] ([id], [fk_id_funciones_FuncFunc], [fk_id_funcionarios_FuncFunc]) VALUES (218, 202, 20768591)
INSERT [dbo].[funciones_funcionarios] ([id], [fk_id_funciones_FuncFunc], [fk_id_funcionarios_FuncFunc]) VALUES (219, 203, 20768591)
INSERT [dbo].[funciones_funcionarios] ([id], [fk_id_funciones_FuncFunc], [fk_id_funcionarios_FuncFunc]) VALUES (220, 204, 20768591)
INSERT [dbo].[funciones_funcionarios] ([id], [fk_id_funciones_FuncFunc], [fk_id_funcionarios_FuncFunc]) VALUES (221, 205, 94939495)
INSERT [dbo].[funciones_funcionarios] ([id], [fk_id_funciones_FuncFunc], [fk_id_funcionarios_FuncFunc]) VALUES (222, 206, 94939495)
INSERT [dbo].[funciones_funcionarios] ([id], [fk_id_funciones_FuncFunc], [fk_id_funcionarios_FuncFunc]) VALUES (223, 207, 94939495)
INSERT [dbo].[funciones_funcionarios] ([id], [fk_id_funciones_FuncFunc], [fk_id_funcionarios_FuncFunc]) VALUES (224, 208, 94939495)
INSERT [dbo].[funciones_funcionarios] ([id], [fk_id_funciones_FuncFunc], [fk_id_funcionarios_FuncFunc]) VALUES (225, 209, 94939495)
INSERT [dbo].[funciones_funcionarios] ([id], [fk_id_funciones_FuncFunc], [fk_id_funcionarios_FuncFunc]) VALUES (226, 210, 94939495)
INSERT [dbo].[funciones_funcionarios] ([id], [fk_id_funciones_FuncFunc], [fk_id_funcionarios_FuncFunc]) VALUES (227, 211, 51516019)
INSERT [dbo].[funciones_funcionarios] ([id], [fk_id_funciones_FuncFunc], [fk_id_funcionarios_FuncFunc]) VALUES (228, 212, 51516019)
INSERT [dbo].[funciones_funcionarios] ([id], [fk_id_funciones_FuncFunc], [fk_id_funcionarios_FuncFunc]) VALUES (229, 213, 51516019)
INSERT [dbo].[funciones_funcionarios] ([id], [fk_id_funciones_FuncFunc], [fk_id_funcionarios_FuncFunc]) VALUES (230, 214, 51516019)
INSERT [dbo].[funciones_funcionarios] ([id], [fk_id_funciones_FuncFunc], [fk_id_funcionarios_FuncFunc]) VALUES (231, 215, 10984383)
INSERT [dbo].[funciones_funcionarios] ([id], [fk_id_funciones_FuncFunc], [fk_id_funcionarios_FuncFunc]) VALUES (232, 216, 10984383)
INSERT [dbo].[funciones_funcionarios] ([id], [fk_id_funciones_FuncFunc], [fk_id_funcionarios_FuncFunc]) VALUES (233, 217, 10984383)
INSERT [dbo].[funciones_funcionarios] ([id], [fk_id_funciones_FuncFunc], [fk_id_funcionarios_FuncFunc]) VALUES (234, 218, 10984383)
INSERT [dbo].[funciones_funcionarios] ([id], [fk_id_funciones_FuncFunc], [fk_id_funcionarios_FuncFunc]) VALUES (235, 219, 10984383)
INSERT [dbo].[funciones_funcionarios] ([id], [fk_id_funciones_FuncFunc], [fk_id_funcionarios_FuncFunc]) VALUES (236, 220, 63213249)
INSERT [dbo].[funciones_funcionarios] ([id], [fk_id_funciones_FuncFunc], [fk_id_funcionarios_FuncFunc]) VALUES (237, 221, 63213249)
INSERT [dbo].[funciones_funcionarios] ([id], [fk_id_funciones_FuncFunc], [fk_id_funcionarios_FuncFunc]) VALUES (238, 222, 63213249)
INSERT [dbo].[funciones_funcionarios] ([id], [fk_id_funciones_FuncFunc], [fk_id_funcionarios_FuncFunc]) VALUES (239, 223, 63213249)
INSERT [dbo].[funciones_funcionarios] ([id], [fk_id_funciones_FuncFunc], [fk_id_funcionarios_FuncFunc]) VALUES (240, 224, 63213249)
INSERT [dbo].[funciones_funcionarios] ([id], [fk_id_funciones_FuncFunc], [fk_id_funcionarios_FuncFunc]) VALUES (241, 225, 63213249)
INSERT [dbo].[funciones_funcionarios] ([id], [fk_id_funciones_FuncFunc], [fk_id_funcionarios_FuncFunc]) VALUES (242, 226, 63213249)
INSERT [dbo].[funciones_funcionarios] ([id], [fk_id_funciones_FuncFunc], [fk_id_funcionarios_FuncFunc]) VALUES (243, 227, 63213249)
INSERT [dbo].[funciones_funcionarios] ([id], [fk_id_funciones_FuncFunc], [fk_id_funcionarios_FuncFunc]) VALUES (244, 228, 63213249)
INSERT [dbo].[funciones_funcionarios] ([id], [fk_id_funciones_FuncFunc], [fk_id_funcionarios_FuncFunc]) VALUES (245, 229, 63213249)
INSERT [dbo].[funciones_funcionarios] ([id], [fk_id_funciones_FuncFunc], [fk_id_funcionarios_FuncFunc]) VALUES (246, 230, 63213249)
INSERT [dbo].[funciones_funcionarios] ([id], [fk_id_funciones_FuncFunc], [fk_id_funcionarios_FuncFunc]) VALUES (247, 200, 63213249)
INSERT [dbo].[funciones_funcionarios] ([id], [fk_id_funciones_FuncFunc], [fk_id_funcionarios_FuncFunc]) VALUES (248, 231, 63213249)
INSERT [dbo].[funciones_funcionarios] ([id], [fk_id_funciones_FuncFunc], [fk_id_funcionarios_FuncFunc]) VALUES (249, 232, 28603010)
INSERT [dbo].[funciones_funcionarios] ([id], [fk_id_funciones_FuncFunc], [fk_id_funcionarios_FuncFunc]) VALUES (250, 233, 28603010)
INSERT [dbo].[funciones_funcionarios] ([id], [fk_id_funciones_FuncFunc], [fk_id_funcionarios_FuncFunc]) VALUES (251, 234, 66877843)
INSERT [dbo].[funciones_funcionarios] ([id], [fk_id_funciones_FuncFunc], [fk_id_funcionarios_FuncFunc]) VALUES (252, 235, 66877843)
INSERT [dbo].[funciones_funcionarios] ([id], [fk_id_funciones_FuncFunc], [fk_id_funcionarios_FuncFunc]) VALUES (253, 236, 66877843)
INSERT [dbo].[funciones_funcionarios] ([id], [fk_id_funciones_FuncFunc], [fk_id_funcionarios_FuncFunc]) VALUES (254, 236, 27852990)
INSERT [dbo].[funciones_funcionarios] ([id], [fk_id_funciones_FuncFunc], [fk_id_funcionarios_FuncFunc]) VALUES (255, 237, 72840534)
INSERT [dbo].[funciones_funcionarios] ([id], [fk_id_funciones_FuncFunc], [fk_id_funcionarios_FuncFunc]) VALUES (256, 238, 72840534)
INSERT [dbo].[funciones_funcionarios] ([id], [fk_id_funciones_FuncFunc], [fk_id_funcionarios_FuncFunc]) VALUES (257, 239, 72840534)
INSERT [dbo].[funciones_funcionarios] ([id], [fk_id_funciones_FuncFunc], [fk_id_funcionarios_FuncFunc]) VALUES (258, 240, 72840534)
INSERT [dbo].[funciones_funcionarios] ([id], [fk_id_funciones_FuncFunc], [fk_id_funcionarios_FuncFunc]) VALUES (259, 241, 72840534)
INSERT [dbo].[funciones_funcionarios] ([id], [fk_id_funciones_FuncFunc], [fk_id_funcionarios_FuncFunc]) VALUES (260, 242, 72840534)
INSERT [dbo].[funciones_funcionarios] ([id], [fk_id_funciones_FuncFunc], [fk_id_funcionarios_FuncFunc]) VALUES (261, 243, 72840534)
INSERT [dbo].[funciones_funcionarios] ([id], [fk_id_funciones_FuncFunc], [fk_id_funcionarios_FuncFunc]) VALUES (262, 244, 19143650)
INSERT [dbo].[funciones_funcionarios] ([id], [fk_id_funciones_FuncFunc], [fk_id_funcionarios_FuncFunc]) VALUES (263, 245, 19143650)
INSERT [dbo].[funciones_funcionarios] ([id], [fk_id_funciones_FuncFunc], [fk_id_funcionarios_FuncFunc]) VALUES (264, 246, 19143650)
INSERT [dbo].[funciones_funcionarios] ([id], [fk_id_funciones_FuncFunc], [fk_id_funcionarios_FuncFunc]) VALUES (265, 247, 19143650)
INSERT [dbo].[funciones_funcionarios] ([id], [fk_id_funciones_FuncFunc], [fk_id_funcionarios_FuncFunc]) VALUES (266, 248, 88157338)
INSERT [dbo].[funciones_funcionarios] ([id], [fk_id_funciones_FuncFunc], [fk_id_funcionarios_FuncFunc]) VALUES (267, 249, 88157338)
INSERT [dbo].[funciones_funcionarios] ([id], [fk_id_funciones_FuncFunc], [fk_id_funcionarios_FuncFunc]) VALUES (268, 250, 88157338)
INSERT [dbo].[funciones_funcionarios] ([id], [fk_id_funciones_FuncFunc], [fk_id_funcionarios_FuncFunc]) VALUES (269, 251, 88157338)
INSERT [dbo].[funciones_funcionarios] ([id], [fk_id_funciones_FuncFunc], [fk_id_funcionarios_FuncFunc]) VALUES (270, 226, 88157338)
INSERT [dbo].[funciones_funcionarios] ([id], [fk_id_funciones_FuncFunc], [fk_id_funcionarios_FuncFunc]) VALUES (271, 248, 60030905)
INSERT [dbo].[funciones_funcionarios] ([id], [fk_id_funciones_FuncFunc], [fk_id_funcionarios_FuncFunc]) VALUES (272, 249, 60030905)
INSERT [dbo].[funciones_funcionarios] ([id], [fk_id_funciones_FuncFunc], [fk_id_funcionarios_FuncFunc]) VALUES (273, 250, 60030905)
INSERT [dbo].[funciones_funcionarios] ([id], [fk_id_funciones_FuncFunc], [fk_id_funcionarios_FuncFunc]) VALUES (274, 251, 60030905)
INSERT [dbo].[funciones_funcionarios] ([id], [fk_id_funciones_FuncFunc], [fk_id_funcionarios_FuncFunc]) VALUES (275, 252, 15459927)
INSERT [dbo].[funciones_funcionarios] ([id], [fk_id_funciones_FuncFunc], [fk_id_funcionarios_FuncFunc]) VALUES (276, 253, 15459927)
INSERT [dbo].[funciones_funcionarios] ([id], [fk_id_funciones_FuncFunc], [fk_id_funcionarios_FuncFunc]) VALUES (277, 254, 15459927)
INSERT [dbo].[funciones_funcionarios] ([id], [fk_id_funciones_FuncFunc], [fk_id_funcionarios_FuncFunc]) VALUES (278, 255, 15459927)
INSERT [dbo].[funciones_funcionarios] ([id], [fk_id_funciones_FuncFunc], [fk_id_funcionarios_FuncFunc]) VALUES (279, 256, 15459927)
INSERT [dbo].[funciones_funcionarios] ([id], [fk_id_funciones_FuncFunc], [fk_id_funcionarios_FuncFunc]) VALUES (280, 257, 15459927)
INSERT [dbo].[funciones_funcionarios] ([id], [fk_id_funciones_FuncFunc], [fk_id_funcionarios_FuncFunc]) VALUES (281, 258, 15459927)
INSERT [dbo].[funciones_funcionarios] ([id], [fk_id_funciones_FuncFunc], [fk_id_funcionarios_FuncFunc]) VALUES (282, 259, 15459927)
INSERT [dbo].[funciones_funcionarios] ([id], [fk_id_funciones_FuncFunc], [fk_id_funcionarios_FuncFunc]) VALUES (283, 260, 15459927)
INSERT [dbo].[funciones_funcionarios] ([id], [fk_id_funciones_FuncFunc], [fk_id_funcionarios_FuncFunc]) VALUES (284, 261, 15459927)
INSERT [dbo].[funciones_funcionarios] ([id], [fk_id_funciones_FuncFunc], [fk_id_funcionarios_FuncFunc]) VALUES (285, 262, 16906003)
INSERT [dbo].[funciones_funcionarios] ([id], [fk_id_funciones_FuncFunc], [fk_id_funcionarios_FuncFunc]) VALUES (286, 263, 16906003)
INSERT [dbo].[funciones_funcionarios] ([id], [fk_id_funciones_FuncFunc], [fk_id_funcionarios_FuncFunc]) VALUES (287, 264, 16906003)
INSERT [dbo].[funciones_funcionarios] ([id], [fk_id_funciones_FuncFunc], [fk_id_funcionarios_FuncFunc]) VALUES (288, 265, 16906003)
INSERT [dbo].[funciones_funcionarios] ([id], [fk_id_funciones_FuncFunc], [fk_id_funcionarios_FuncFunc]) VALUES (289, 266, 16906003)
INSERT [dbo].[funciones_funcionarios] ([id], [fk_id_funciones_FuncFunc], [fk_id_funcionarios_FuncFunc]) VALUES (290, 267, 16906003)
INSERT [dbo].[funciones_funcionarios] ([id], [fk_id_funciones_FuncFunc], [fk_id_funcionarios_FuncFunc]) VALUES (291, 268, 16906003)
INSERT [dbo].[funciones_funcionarios] ([id], [fk_id_funciones_FuncFunc], [fk_id_funcionarios_FuncFunc]) VALUES (292, 269, 16906003)
INSERT [dbo].[funciones_funcionarios] ([id], [fk_id_funciones_FuncFunc], [fk_id_funcionarios_FuncFunc]) VALUES (293, 270, 16906003)
INSERT [dbo].[funciones_funcionarios] ([id], [fk_id_funciones_FuncFunc], [fk_id_funcionarios_FuncFunc]) VALUES (294, 262, 98757533)
INSERT [dbo].[funciones_funcionarios] ([id], [fk_id_funciones_FuncFunc], [fk_id_funcionarios_FuncFunc]) VALUES (295, 271, 98757533)
INSERT [dbo].[funciones_funcionarios] ([id], [fk_id_funciones_FuncFunc], [fk_id_funcionarios_FuncFunc]) VALUES (296, 264, 98757533)
INSERT [dbo].[funciones_funcionarios] ([id], [fk_id_funciones_FuncFunc], [fk_id_funcionarios_FuncFunc]) VALUES (297, 265, 98757533)
INSERT [dbo].[funciones_funcionarios] ([id], [fk_id_funciones_FuncFunc], [fk_id_funcionarios_FuncFunc]) VALUES (298, 266, 98757533)
INSERT [dbo].[funciones_funcionarios] ([id], [fk_id_funciones_FuncFunc], [fk_id_funcionarios_FuncFunc]) VALUES (299, 267, 98757533)
GO
INSERT [dbo].[funciones_funcionarios] ([id], [fk_id_funciones_FuncFunc], [fk_id_funcionarios_FuncFunc]) VALUES (300, 268, 98757533)
INSERT [dbo].[funciones_funcionarios] ([id], [fk_id_funciones_FuncFunc], [fk_id_funcionarios_FuncFunc]) VALUES (301, 269, 98757533)
INSERT [dbo].[funciones_funcionarios] ([id], [fk_id_funciones_FuncFunc], [fk_id_funcionarios_FuncFunc]) VALUES (302, 272, 98757533)
INSERT [dbo].[funciones_funcionarios] ([id], [fk_id_funciones_FuncFunc], [fk_id_funcionarios_FuncFunc]) VALUES (303, 262, 98326787)
INSERT [dbo].[funciones_funcionarios] ([id], [fk_id_funciones_FuncFunc], [fk_id_funcionarios_FuncFunc]) VALUES (304, 271, 98326787)
INSERT [dbo].[funciones_funcionarios] ([id], [fk_id_funciones_FuncFunc], [fk_id_funcionarios_FuncFunc]) VALUES (305, 264, 98326787)
INSERT [dbo].[funciones_funcionarios] ([id], [fk_id_funciones_FuncFunc], [fk_id_funcionarios_FuncFunc]) VALUES (306, 265, 98326787)
INSERT [dbo].[funciones_funcionarios] ([id], [fk_id_funciones_FuncFunc], [fk_id_funcionarios_FuncFunc]) VALUES (307, 273, 98326787)
INSERT [dbo].[funciones_funcionarios] ([id], [fk_id_funciones_FuncFunc], [fk_id_funcionarios_FuncFunc]) VALUES (308, 267, 98326787)
INSERT [dbo].[funciones_funcionarios] ([id], [fk_id_funciones_FuncFunc], [fk_id_funcionarios_FuncFunc]) VALUES (309, 274, 98326787)
INSERT [dbo].[funciones_funcionarios] ([id], [fk_id_funciones_FuncFunc], [fk_id_funcionarios_FuncFunc]) VALUES (310, 272, 98326787)
INSERT [dbo].[funciones_funcionarios] ([id], [fk_id_funciones_FuncFunc], [fk_id_funcionarios_FuncFunc]) VALUES (311, 275, 65882523)
INSERT [dbo].[funciones_funcionarios] ([id], [fk_id_funciones_FuncFunc], [fk_id_funcionarios_FuncFunc]) VALUES (312, 276, 65882523)
INSERT [dbo].[funciones_funcionarios] ([id], [fk_id_funciones_FuncFunc], [fk_id_funcionarios_FuncFunc]) VALUES (313, 277, 65882523)
INSERT [dbo].[funciones_funcionarios] ([id], [fk_id_funciones_FuncFunc], [fk_id_funcionarios_FuncFunc]) VALUES (314, 278, 65882523)
INSERT [dbo].[funciones_funcionarios] ([id], [fk_id_funciones_FuncFunc], [fk_id_funcionarios_FuncFunc]) VALUES (315, 279, 65882523)
INSERT [dbo].[funciones_funcionarios] ([id], [fk_id_funciones_FuncFunc], [fk_id_funcionarios_FuncFunc]) VALUES (316, 280, 65882523)
INSERT [dbo].[funciones_funcionarios] ([id], [fk_id_funciones_FuncFunc], [fk_id_funcionarios_FuncFunc]) VALUES (317, 281, 53859007)
INSERT [dbo].[funciones_funcionarios] ([id], [fk_id_funciones_FuncFunc], [fk_id_funcionarios_FuncFunc]) VALUES (318, 282, 53859007)
INSERT [dbo].[funciones_funcionarios] ([id], [fk_id_funciones_FuncFunc], [fk_id_funcionarios_FuncFunc]) VALUES (319, 283, 53859007)
INSERT [dbo].[funciones_funcionarios] ([id], [fk_id_funciones_FuncFunc], [fk_id_funcionarios_FuncFunc]) VALUES (320, 284, 80721250)
INSERT [dbo].[funciones_funcionarios] ([id], [fk_id_funciones_FuncFunc], [fk_id_funcionarios_FuncFunc]) VALUES (321, 285, 80721250)
INSERT [dbo].[funciones_funcionarios] ([id], [fk_id_funciones_FuncFunc], [fk_id_funcionarios_FuncFunc]) VALUES (322, 286, 80721250)
INSERT [dbo].[funciones_funcionarios] ([id], [fk_id_funciones_FuncFunc], [fk_id_funcionarios_FuncFunc]) VALUES (323, 287, 80721250)
INSERT [dbo].[funciones_funcionarios] ([id], [fk_id_funciones_FuncFunc], [fk_id_funcionarios_FuncFunc]) VALUES (324, 288, 47406372)
INSERT [dbo].[funciones_funcionarios] ([id], [fk_id_funciones_FuncFunc], [fk_id_funcionarios_FuncFunc]) VALUES (325, 289, 47406372)
INSERT [dbo].[funciones_funcionarios] ([id], [fk_id_funciones_FuncFunc], [fk_id_funcionarios_FuncFunc]) VALUES (326, 290, 47406372)
INSERT [dbo].[funciones_funcionarios] ([id], [fk_id_funciones_FuncFunc], [fk_id_funcionarios_FuncFunc]) VALUES (327, 291, 47406372)
INSERT [dbo].[funciones_funcionarios] ([id], [fk_id_funciones_FuncFunc], [fk_id_funcionarios_FuncFunc]) VALUES (328, 292, 47406372)
INSERT [dbo].[funciones_funcionarios] ([id], [fk_id_funciones_FuncFunc], [fk_id_funcionarios_FuncFunc]) VALUES (329, 293, 47406372)
INSERT [dbo].[funciones_funcionarios] ([id], [fk_id_funciones_FuncFunc], [fk_id_funcionarios_FuncFunc]) VALUES (330, 294, 47406372)
INSERT [dbo].[funciones_funcionarios] ([id], [fk_id_funciones_FuncFunc], [fk_id_funcionarios_FuncFunc]) VALUES (331, 295, 65668710)
INSERT [dbo].[funciones_funcionarios] ([id], [fk_id_funciones_FuncFunc], [fk_id_funcionarios_FuncFunc]) VALUES (332, 296, 65668710)
INSERT [dbo].[funciones_funcionarios] ([id], [fk_id_funciones_FuncFunc], [fk_id_funcionarios_FuncFunc]) VALUES (333, 297, 65668710)
INSERT [dbo].[funciones_funcionarios] ([id], [fk_id_funciones_FuncFunc], [fk_id_funcionarios_FuncFunc]) VALUES (334, 298, 65668710)
INSERT [dbo].[funciones_funcionarios] ([id], [fk_id_funciones_FuncFunc], [fk_id_funcionarios_FuncFunc]) VALUES (335, 299, 65668710)
INSERT [dbo].[funciones_funcionarios] ([id], [fk_id_funciones_FuncFunc], [fk_id_funcionarios_FuncFunc]) VALUES (336, 300, 65668710)
INSERT [dbo].[funciones_funcionarios] ([id], [fk_id_funciones_FuncFunc], [fk_id_funcionarios_FuncFunc]) VALUES (337, 301, 65668710)
INSERT [dbo].[funciones_funcionarios] ([id], [fk_id_funciones_FuncFunc], [fk_id_funcionarios_FuncFunc]) VALUES (338, 302, 65668710)
INSERT [dbo].[funciones_funcionarios] ([id], [fk_id_funciones_FuncFunc], [fk_id_funcionarios_FuncFunc]) VALUES (339, 303, 65668710)
INSERT [dbo].[funciones_funcionarios] ([id], [fk_id_funciones_FuncFunc], [fk_id_funcionarios_FuncFunc]) VALUES (340, 304, 79928235)
INSERT [dbo].[funciones_funcionarios] ([id], [fk_id_funciones_FuncFunc], [fk_id_funcionarios_FuncFunc]) VALUES (341, 305, 79928235)
INSERT [dbo].[funciones_funcionarios] ([id], [fk_id_funciones_FuncFunc], [fk_id_funcionarios_FuncFunc]) VALUES (342, 306, 79928235)
INSERT [dbo].[funciones_funcionarios] ([id], [fk_id_funciones_FuncFunc], [fk_id_funcionarios_FuncFunc]) VALUES (343, 307, 79928235)
INSERT [dbo].[funciones_funcionarios] ([id], [fk_id_funciones_FuncFunc], [fk_id_funcionarios_FuncFunc]) VALUES (344, 308, 79928235)
INSERT [dbo].[funciones_funcionarios] ([id], [fk_id_funciones_FuncFunc], [fk_id_funcionarios_FuncFunc]) VALUES (345, 309, 79928235)
INSERT [dbo].[funciones_funcionarios] ([id], [fk_id_funciones_FuncFunc], [fk_id_funcionarios_FuncFunc]) VALUES (346, 310, 69263309)
INSERT [dbo].[funciones_funcionarios] ([id], [fk_id_funciones_FuncFunc], [fk_id_funcionarios_FuncFunc]) VALUES (347, 311, 69263309)
INSERT [dbo].[funciones_funcionarios] ([id], [fk_id_funciones_FuncFunc], [fk_id_funcionarios_FuncFunc]) VALUES (348, 312, 69263309)
INSERT [dbo].[funciones_funcionarios] ([id], [fk_id_funciones_FuncFunc], [fk_id_funcionarios_FuncFunc]) VALUES (349, 313, 69263309)
INSERT [dbo].[funciones_funcionarios] ([id], [fk_id_funciones_FuncFunc], [fk_id_funcionarios_FuncFunc]) VALUES (350, 314, 69263309)
INSERT [dbo].[funciones_funcionarios] ([id], [fk_id_funciones_FuncFunc], [fk_id_funcionarios_FuncFunc]) VALUES (351, 315, 99313073)
INSERT [dbo].[funciones_funcionarios] ([id], [fk_id_funciones_FuncFunc], [fk_id_funcionarios_FuncFunc]) VALUES (352, 316, 99313073)
INSERT [dbo].[funciones_funcionarios] ([id], [fk_id_funciones_FuncFunc], [fk_id_funcionarios_FuncFunc]) VALUES (353, 317, 99313073)
INSERT [dbo].[funciones_funcionarios] ([id], [fk_id_funciones_FuncFunc], [fk_id_funcionarios_FuncFunc]) VALUES (354, 318, 99313073)
INSERT [dbo].[funciones_funcionarios] ([id], [fk_id_funciones_FuncFunc], [fk_id_funcionarios_FuncFunc]) VALUES (355, 319, 99313073)
INSERT [dbo].[funciones_funcionarios] ([id], [fk_id_funciones_FuncFunc], [fk_id_funcionarios_FuncFunc]) VALUES (356, 320, 99313073)
INSERT [dbo].[funciones_funcionarios] ([id], [fk_id_funciones_FuncFunc], [fk_id_funcionarios_FuncFunc]) VALUES (357, 321, 99313073)
INSERT [dbo].[funciones_funcionarios] ([id], [fk_id_funciones_FuncFunc], [fk_id_funcionarios_FuncFunc]) VALUES (358, 322, 28156626)
INSERT [dbo].[funciones_funcionarios] ([id], [fk_id_funciones_FuncFunc], [fk_id_funcionarios_FuncFunc]) VALUES (359, 323, 28156626)
INSERT [dbo].[funciones_funcionarios] ([id], [fk_id_funciones_FuncFunc], [fk_id_funcionarios_FuncFunc]) VALUES (360, 324, 28156626)
INSERT [dbo].[funciones_funcionarios] ([id], [fk_id_funciones_FuncFunc], [fk_id_funcionarios_FuncFunc]) VALUES (361, 325, 28156626)
INSERT [dbo].[funciones_funcionarios] ([id], [fk_id_funciones_FuncFunc], [fk_id_funcionarios_FuncFunc]) VALUES (362, 326, 45664180)
INSERT [dbo].[funciones_funcionarios] ([id], [fk_id_funciones_FuncFunc], [fk_id_funcionarios_FuncFunc]) VALUES (363, 327, 45664180)
INSERT [dbo].[funciones_funcionarios] ([id], [fk_id_funciones_FuncFunc], [fk_id_funcionarios_FuncFunc]) VALUES (364, 328, 45664180)
INSERT [dbo].[funciones_funcionarios] ([id], [fk_id_funciones_FuncFunc], [fk_id_funcionarios_FuncFunc]) VALUES (365, 329, 45664180)
INSERT [dbo].[funciones_funcionarios] ([id], [fk_id_funciones_FuncFunc], [fk_id_funcionarios_FuncFunc]) VALUES (366, 330, 45664180)
INSERT [dbo].[funciones_funcionarios] ([id], [fk_id_funciones_FuncFunc], [fk_id_funcionarios_FuncFunc]) VALUES (367, 331, 45664180)
INSERT [dbo].[funciones_funcionarios] ([id], [fk_id_funciones_FuncFunc], [fk_id_funcionarios_FuncFunc]) VALUES (368, 332, 45664180)
INSERT [dbo].[funciones_funcionarios] ([id], [fk_id_funciones_FuncFunc], [fk_id_funcionarios_FuncFunc]) VALUES (369, 333, 45664180)
INSERT [dbo].[funciones_funcionarios] ([id], [fk_id_funciones_FuncFunc], [fk_id_funcionarios_FuncFunc]) VALUES (370, 334, 45664180)
INSERT [dbo].[funciones_funcionarios] ([id], [fk_id_funciones_FuncFunc], [fk_id_funcionarios_FuncFunc]) VALUES (371, 335, 53258310)
INSERT [dbo].[funciones_funcionarios] ([id], [fk_id_funciones_FuncFunc], [fk_id_funcionarios_FuncFunc]) VALUES (372, 336, 53258310)
INSERT [dbo].[funciones_funcionarios] ([id], [fk_id_funciones_FuncFunc], [fk_id_funcionarios_FuncFunc]) VALUES (373, 337, 53258310)
INSERT [dbo].[funciones_funcionarios] ([id], [fk_id_funciones_FuncFunc], [fk_id_funcionarios_FuncFunc]) VALUES (374, 338, 53258310)
INSERT [dbo].[funciones_funcionarios] ([id], [fk_id_funciones_FuncFunc], [fk_id_funcionarios_FuncFunc]) VALUES (375, 339, 53258310)
INSERT [dbo].[funciones_funcionarios] ([id], [fk_id_funciones_FuncFunc], [fk_id_funcionarios_FuncFunc]) VALUES (376, 340, 53258310)
INSERT [dbo].[funciones_funcionarios] ([id], [fk_id_funciones_FuncFunc], [fk_id_funcionarios_FuncFunc]) VALUES (377, 341, 89100351)
INSERT [dbo].[funciones_funcionarios] ([id], [fk_id_funciones_FuncFunc], [fk_id_funcionarios_FuncFunc]) VALUES (378, 342, 89100351)
INSERT [dbo].[funciones_funcionarios] ([id], [fk_id_funciones_FuncFunc], [fk_id_funcionarios_FuncFunc]) VALUES (379, 343, 89100351)
INSERT [dbo].[funciones_funcionarios] ([id], [fk_id_funciones_FuncFunc], [fk_id_funcionarios_FuncFunc]) VALUES (380, 344, 89100351)
INSERT [dbo].[funciones_funcionarios] ([id], [fk_id_funciones_FuncFunc], [fk_id_funcionarios_FuncFunc]) VALUES (381, 345, 89100351)
INSERT [dbo].[funciones_funcionarios] ([id], [fk_id_funciones_FuncFunc], [fk_id_funcionarios_FuncFunc]) VALUES (382, 346, 78071342)
INSERT [dbo].[funciones_funcionarios] ([id], [fk_id_funciones_FuncFunc], [fk_id_funcionarios_FuncFunc]) VALUES (383, 347, 78071342)
INSERT [dbo].[funciones_funcionarios] ([id], [fk_id_funciones_FuncFunc], [fk_id_funcionarios_FuncFunc]) VALUES (384, 348, 78071342)
INSERT [dbo].[funciones_funcionarios] ([id], [fk_id_funciones_FuncFunc], [fk_id_funcionarios_FuncFunc]) VALUES (385, 349, 78071342)
INSERT [dbo].[funciones_funcionarios] ([id], [fk_id_funciones_FuncFunc], [fk_id_funcionarios_FuncFunc]) VALUES (386, 346, 49445916)
INSERT [dbo].[funciones_funcionarios] ([id], [fk_id_funciones_FuncFunc], [fk_id_funcionarios_FuncFunc]) VALUES (387, 350, 49445916)
INSERT [dbo].[funciones_funcionarios] ([id], [fk_id_funciones_FuncFunc], [fk_id_funcionarios_FuncFunc]) VALUES (388, 351, 49445916)
INSERT [dbo].[funciones_funcionarios] ([id], [fk_id_funciones_FuncFunc], [fk_id_funcionarios_FuncFunc]) VALUES (389, 352, 49445916)
INSERT [dbo].[funciones_funcionarios] ([id], [fk_id_funciones_FuncFunc], [fk_id_funcionarios_FuncFunc]) VALUES (390, 353, 49445916)
INSERT [dbo].[funciones_funcionarios] ([id], [fk_id_funciones_FuncFunc], [fk_id_funcionarios_FuncFunc]) VALUES (391, 354, 22090736)
INSERT [dbo].[funciones_funcionarios] ([id], [fk_id_funciones_FuncFunc], [fk_id_funcionarios_FuncFunc]) VALUES (392, 204, 22090736)
INSERT [dbo].[funciones_funcionarios] ([id], [fk_id_funciones_FuncFunc], [fk_id_funcionarios_FuncFunc]) VALUES (393, 355, 22090736)
INSERT [dbo].[funciones_funcionarios] ([id], [fk_id_funciones_FuncFunc], [fk_id_funcionarios_FuncFunc]) VALUES (394, 356, 22090736)
INSERT [dbo].[funciones_funcionarios] ([id], [fk_id_funciones_FuncFunc], [fk_id_funcionarios_FuncFunc]) VALUES (395, 357, 90102438)
INSERT [dbo].[funciones_funcionarios] ([id], [fk_id_funciones_FuncFunc], [fk_id_funcionarios_FuncFunc]) VALUES (396, 358, 90102438)
INSERT [dbo].[funciones_funcionarios] ([id], [fk_id_funciones_FuncFunc], [fk_id_funcionarios_FuncFunc]) VALUES (397, 359, 77316694)
INSERT [dbo].[funciones_funcionarios] ([id], [fk_id_funciones_FuncFunc], [fk_id_funcionarios_FuncFunc]) VALUES (398, 360, 77316694)
INSERT [dbo].[funciones_funcionarios] ([id], [fk_id_funciones_FuncFunc], [fk_id_funcionarios_FuncFunc]) VALUES (399, 361, 77316694)
GO
INSERT [dbo].[funciones_funcionarios] ([id], [fk_id_funciones_FuncFunc], [fk_id_funcionarios_FuncFunc]) VALUES (400, 362, 77316694)
INSERT [dbo].[funciones_funcionarios] ([id], [fk_id_funciones_FuncFunc], [fk_id_funcionarios_FuncFunc]) VALUES (401, 363, 77316694)
INSERT [dbo].[funciones_funcionarios] ([id], [fk_id_funciones_FuncFunc], [fk_id_funcionarios_FuncFunc]) VALUES (402, 364, 77316694)
INSERT [dbo].[funciones_funcionarios] ([id], [fk_id_funciones_FuncFunc], [fk_id_funcionarios_FuncFunc]) VALUES (403, 365, 77316694)
INSERT [dbo].[funciones_funcionarios] ([id], [fk_id_funciones_FuncFunc], [fk_id_funcionarios_FuncFunc]) VALUES (404, 366, 77316694)
INSERT [dbo].[funciones_funcionarios] ([id], [fk_id_funciones_FuncFunc], [fk_id_funcionarios_FuncFunc]) VALUES (405, 367, 63239016)
INSERT [dbo].[funciones_funcionarios] ([id], [fk_id_funciones_FuncFunc], [fk_id_funcionarios_FuncFunc]) VALUES (406, 368, 63239016)
INSERT [dbo].[funciones_funcionarios] ([id], [fk_id_funciones_FuncFunc], [fk_id_funcionarios_FuncFunc]) VALUES (407, 369, 63239016)
INSERT [dbo].[funciones_funcionarios] ([id], [fk_id_funciones_FuncFunc], [fk_id_funcionarios_FuncFunc]) VALUES (408, 370, 79497948)
INSERT [dbo].[funciones_funcionarios] ([id], [fk_id_funciones_FuncFunc], [fk_id_funcionarios_FuncFunc]) VALUES (409, 371, 79497948)
INSERT [dbo].[funciones_funcionarios] ([id], [fk_id_funciones_FuncFunc], [fk_id_funcionarios_FuncFunc]) VALUES (410, 372, 79497948)
INSERT [dbo].[funciones_funcionarios] ([id], [fk_id_funciones_FuncFunc], [fk_id_funcionarios_FuncFunc]) VALUES (411, 373, 79497948)
INSERT [dbo].[funciones_funcionarios] ([id], [fk_id_funciones_FuncFunc], [fk_id_funcionarios_FuncFunc]) VALUES (412, 374, 79497948)
INSERT [dbo].[funciones_funcionarios] ([id], [fk_id_funciones_FuncFunc], [fk_id_funcionarios_FuncFunc]) VALUES (413, 375, 79497948)
INSERT [dbo].[funciones_funcionarios] ([id], [fk_id_funciones_FuncFunc], [fk_id_funcionarios_FuncFunc]) VALUES (414, 376, 24113175)
INSERT [dbo].[funciones_funcionarios] ([id], [fk_id_funciones_FuncFunc], [fk_id_funcionarios_FuncFunc]) VALUES (415, 377, 24113175)
INSERT [dbo].[funciones_funcionarios] ([id], [fk_id_funciones_FuncFunc], [fk_id_funcionarios_FuncFunc]) VALUES (416, 378, 24113175)
INSERT [dbo].[funciones_funcionarios] ([id], [fk_id_funciones_FuncFunc], [fk_id_funcionarios_FuncFunc]) VALUES (417, 379, 24113175)
INSERT [dbo].[funciones_funcionarios] ([id], [fk_id_funciones_FuncFunc], [fk_id_funcionarios_FuncFunc]) VALUES (418, 380, 24113175)
INSERT [dbo].[funciones_funcionarios] ([id], [fk_id_funciones_FuncFunc], [fk_id_funcionarios_FuncFunc]) VALUES (419, 381, 24113175)
INSERT [dbo].[funciones_funcionarios] ([id], [fk_id_funciones_FuncFunc], [fk_id_funcionarios_FuncFunc]) VALUES (420, 382, 24113175)
INSERT [dbo].[funciones_funcionarios] ([id], [fk_id_funciones_FuncFunc], [fk_id_funcionarios_FuncFunc]) VALUES (421, 383, 24630287)
INSERT [dbo].[funciones_funcionarios] ([id], [fk_id_funciones_FuncFunc], [fk_id_funcionarios_FuncFunc]) VALUES (422, 384, 24630287)
INSERT [dbo].[funciones_funcionarios] ([id], [fk_id_funciones_FuncFunc], [fk_id_funcionarios_FuncFunc]) VALUES (423, 385, 24630287)
INSERT [dbo].[funciones_funcionarios] ([id], [fk_id_funciones_FuncFunc], [fk_id_funcionarios_FuncFunc]) VALUES (424, 386, 24630287)
INSERT [dbo].[funciones_funcionarios] ([id], [fk_id_funciones_FuncFunc], [fk_id_funcionarios_FuncFunc]) VALUES (425, 387, 24630287)
INSERT [dbo].[funciones_funcionarios] ([id], [fk_id_funciones_FuncFunc], [fk_id_funcionarios_FuncFunc]) VALUES (426, 388, 24630287)
INSERT [dbo].[funciones_funcionarios] ([id], [fk_id_funciones_FuncFunc], [fk_id_funcionarios_FuncFunc]) VALUES (427, 389, 24630287)
INSERT [dbo].[funciones_funcionarios] ([id], [fk_id_funciones_FuncFunc], [fk_id_funcionarios_FuncFunc]) VALUES (428, 390, 24630287)
INSERT [dbo].[funciones_funcionarios] ([id], [fk_id_funciones_FuncFunc], [fk_id_funcionarios_FuncFunc]) VALUES (429, 391, 24630287)
INSERT [dbo].[funciones_funcionarios] ([id], [fk_id_funciones_FuncFunc], [fk_id_funcionarios_FuncFunc]) VALUES (430, 392, 41458065)
INSERT [dbo].[funciones_funcionarios] ([id], [fk_id_funciones_FuncFunc], [fk_id_funcionarios_FuncFunc]) VALUES (431, 393, 41458065)
INSERT [dbo].[funciones_funcionarios] ([id], [fk_id_funciones_FuncFunc], [fk_id_funcionarios_FuncFunc]) VALUES (432, 394, 41458065)
INSERT [dbo].[funciones_funcionarios] ([id], [fk_id_funciones_FuncFunc], [fk_id_funcionarios_FuncFunc]) VALUES (433, 395, 41458065)
INSERT [dbo].[funciones_funcionarios] ([id], [fk_id_funciones_FuncFunc], [fk_id_funcionarios_FuncFunc]) VALUES (434, 396, 41458065)
INSERT [dbo].[funciones_funcionarios] ([id], [fk_id_funciones_FuncFunc], [fk_id_funcionarios_FuncFunc]) VALUES (435, 397, 41458065)
INSERT [dbo].[funciones_funcionarios] ([id], [fk_id_funciones_FuncFunc], [fk_id_funcionarios_FuncFunc]) VALUES (436, 398, 41458065)
INSERT [dbo].[funciones_funcionarios] ([id], [fk_id_funciones_FuncFunc], [fk_id_funcionarios_FuncFunc]) VALUES (437, 399, 72567139)
INSERT [dbo].[funciones_funcionarios] ([id], [fk_id_funciones_FuncFunc], [fk_id_funcionarios_FuncFunc]) VALUES (438, 400, 72567139)
INSERT [dbo].[funciones_funcionarios] ([id], [fk_id_funciones_FuncFunc], [fk_id_funcionarios_FuncFunc]) VALUES (439, 401, 72567139)
INSERT [dbo].[funciones_funcionarios] ([id], [fk_id_funciones_FuncFunc], [fk_id_funcionarios_FuncFunc]) VALUES (440, 402, 24432738)
INSERT [dbo].[funciones_funcionarios] ([id], [fk_id_funciones_FuncFunc], [fk_id_funcionarios_FuncFunc]) VALUES (441, 403, 24432738)
INSERT [dbo].[funciones_funcionarios] ([id], [fk_id_funciones_FuncFunc], [fk_id_funcionarios_FuncFunc]) VALUES (442, 404, 24432738)
INSERT [dbo].[funciones_funcionarios] ([id], [fk_id_funciones_FuncFunc], [fk_id_funcionarios_FuncFunc]) VALUES (443, 405, 24432738)
INSERT [dbo].[funciones_funcionarios] ([id], [fk_id_funciones_FuncFunc], [fk_id_funcionarios_FuncFunc]) VALUES (444, 406, 28364641)
INSERT [dbo].[funciones_funcionarios] ([id], [fk_id_funciones_FuncFunc], [fk_id_funcionarios_FuncFunc]) VALUES (445, 407, 28364641)
INSERT [dbo].[funciones_funcionarios] ([id], [fk_id_funciones_FuncFunc], [fk_id_funcionarios_FuncFunc]) VALUES (446, 408, 28364641)
INSERT [dbo].[funciones_funcionarios] ([id], [fk_id_funciones_FuncFunc], [fk_id_funcionarios_FuncFunc]) VALUES (447, 409, 28364641)
INSERT [dbo].[funciones_funcionarios] ([id], [fk_id_funciones_FuncFunc], [fk_id_funcionarios_FuncFunc]) VALUES (448, 410, 28364641)
INSERT [dbo].[funciones_funcionarios] ([id], [fk_id_funciones_FuncFunc], [fk_id_funcionarios_FuncFunc]) VALUES (449, 411, 28364641)
INSERT [dbo].[funciones_funcionarios] ([id], [fk_id_funciones_FuncFunc], [fk_id_funcionarios_FuncFunc]) VALUES (450, 412, 57718516)
INSERT [dbo].[funciones_funcionarios] ([id], [fk_id_funciones_FuncFunc], [fk_id_funcionarios_FuncFunc]) VALUES (451, 413, 57718516)
INSERT [dbo].[funciones_funcionarios] ([id], [fk_id_funciones_FuncFunc], [fk_id_funcionarios_FuncFunc]) VALUES (452, 414, 57718516)
INSERT [dbo].[funciones_funcionarios] ([id], [fk_id_funciones_FuncFunc], [fk_id_funcionarios_FuncFunc]) VALUES (453, 415, 72545111)
INSERT [dbo].[funciones_funcionarios] ([id], [fk_id_funciones_FuncFunc], [fk_id_funcionarios_FuncFunc]) VALUES (454, 416, 72545111)
INSERT [dbo].[funciones_funcionarios] ([id], [fk_id_funciones_FuncFunc], [fk_id_funcionarios_FuncFunc]) VALUES (455, 417, 72545111)
INSERT [dbo].[funciones_funcionarios] ([id], [fk_id_funciones_FuncFunc], [fk_id_funcionarios_FuncFunc]) VALUES (456, 418, 72545111)
INSERT [dbo].[funciones_funcionarios] ([id], [fk_id_funciones_FuncFunc], [fk_id_funcionarios_FuncFunc]) VALUES (457, 419, 72545111)
INSERT [dbo].[funciones_funcionarios] ([id], [fk_id_funciones_FuncFunc], [fk_id_funcionarios_FuncFunc]) VALUES (458, 420, 41720332)
INSERT [dbo].[funciones_funcionarios] ([id], [fk_id_funciones_FuncFunc], [fk_id_funcionarios_FuncFunc]) VALUES (459, 421, 41720332)
INSERT [dbo].[funciones_funcionarios] ([id], [fk_id_funciones_FuncFunc], [fk_id_funcionarios_FuncFunc]) VALUES (460, 422, 41720332)
INSERT [dbo].[funciones_funcionarios] ([id], [fk_id_funciones_FuncFunc], [fk_id_funcionarios_FuncFunc]) VALUES (461, 423, 41720332)
INSERT [dbo].[funciones_funcionarios] ([id], [fk_id_funciones_FuncFunc], [fk_id_funcionarios_FuncFunc]) VALUES (462, 424, 41720332)
INSERT [dbo].[funciones_funcionarios] ([id], [fk_id_funciones_FuncFunc], [fk_id_funcionarios_FuncFunc]) VALUES (463, 425, 41720332)
INSERT [dbo].[funciones_funcionarios] ([id], [fk_id_funciones_FuncFunc], [fk_id_funcionarios_FuncFunc]) VALUES (464, 426, 22641404)
INSERT [dbo].[funciones_funcionarios] ([id], [fk_id_funciones_FuncFunc], [fk_id_funcionarios_FuncFunc]) VALUES (465, 427, 22641404)
INSERT [dbo].[funciones_funcionarios] ([id], [fk_id_funciones_FuncFunc], [fk_id_funcionarios_FuncFunc]) VALUES (466, 428, 22641404)
INSERT [dbo].[funciones_funcionarios] ([id], [fk_id_funciones_FuncFunc], [fk_id_funcionarios_FuncFunc]) VALUES (467, 429, 22641404)
INSERT [dbo].[funciones_funcionarios] ([id], [fk_id_funciones_FuncFunc], [fk_id_funcionarios_FuncFunc]) VALUES (468, 426, 34045233)
INSERT [dbo].[funciones_funcionarios] ([id], [fk_id_funciones_FuncFunc], [fk_id_funcionarios_FuncFunc]) VALUES (469, 430, 34045233)
INSERT [dbo].[funciones_funcionarios] ([id], [fk_id_funciones_FuncFunc], [fk_id_funcionarios_FuncFunc]) VALUES (470, 431, 34045233)
SET IDENTITY_INSERT [dbo].[funciones_funcionarios] OFF
SET IDENTITY_INSERT [dbo].[funciones_oficinas] ON 

INSERT [dbo].[funciones_oficinas] ([id], [fk_id_funciones], [fk_id_oficinas]) VALUES (1, 1, 4)
INSERT [dbo].[funciones_oficinas] ([id], [fk_id_funciones], [fk_id_oficinas]) VALUES (2, 2, 4)
INSERT [dbo].[funciones_oficinas] ([id], [fk_id_funciones], [fk_id_oficinas]) VALUES (3, 3, 4)
INSERT [dbo].[funciones_oficinas] ([id], [fk_id_funciones], [fk_id_oficinas]) VALUES (4, 4, 4)
INSERT [dbo].[funciones_oficinas] ([id], [fk_id_funciones], [fk_id_oficinas]) VALUES (5, 5, 4)
INSERT [dbo].[funciones_oficinas] ([id], [fk_id_funciones], [fk_id_oficinas]) VALUES (6, 6, 4)
INSERT [dbo].[funciones_oficinas] ([id], [fk_id_funciones], [fk_id_oficinas]) VALUES (7, 7, 4)
INSERT [dbo].[funciones_oficinas] ([id], [fk_id_funciones], [fk_id_oficinas]) VALUES (8, 8, 4)
INSERT [dbo].[funciones_oficinas] ([id], [fk_id_funciones], [fk_id_oficinas]) VALUES (9, 9, 4)
INSERT [dbo].[funciones_oficinas] ([id], [fk_id_funciones], [fk_id_oficinas]) VALUES (10, 10, 4)
INSERT [dbo].[funciones_oficinas] ([id], [fk_id_funciones], [fk_id_oficinas]) VALUES (11, 11, 4)
INSERT [dbo].[funciones_oficinas] ([id], [fk_id_funciones], [fk_id_oficinas]) VALUES (12, 12, 4)
INSERT [dbo].[funciones_oficinas] ([id], [fk_id_funciones], [fk_id_oficinas]) VALUES (13, 13, 4)
INSERT [dbo].[funciones_oficinas] ([id], [fk_id_funciones], [fk_id_oficinas]) VALUES (14, 14, 4)
INSERT [dbo].[funciones_oficinas] ([id], [fk_id_funciones], [fk_id_oficinas]) VALUES (15, 15, 4)
INSERT [dbo].[funciones_oficinas] ([id], [fk_id_funciones], [fk_id_oficinas]) VALUES (16, 16, 4)
INSERT [dbo].[funciones_oficinas] ([id], [fk_id_funciones], [fk_id_oficinas]) VALUES (17, 17, 4)
INSERT [dbo].[funciones_oficinas] ([id], [fk_id_funciones], [fk_id_oficinas]) VALUES (18, 18, 4)
INSERT [dbo].[funciones_oficinas] ([id], [fk_id_funciones], [fk_id_oficinas]) VALUES (19, 19, 4)
INSERT [dbo].[funciones_oficinas] ([id], [fk_id_funciones], [fk_id_oficinas]) VALUES (20, 20, 4)
INSERT [dbo].[funciones_oficinas] ([id], [fk_id_funciones], [fk_id_oficinas]) VALUES (21, 21, 4)
INSERT [dbo].[funciones_oficinas] ([id], [fk_id_funciones], [fk_id_oficinas]) VALUES (22, 22, 4)
INSERT [dbo].[funciones_oficinas] ([id], [fk_id_funciones], [fk_id_oficinas]) VALUES (23, 23, 4)
INSERT [dbo].[funciones_oficinas] ([id], [fk_id_funciones], [fk_id_oficinas]) VALUES (24, 24, 4)
INSERT [dbo].[funciones_oficinas] ([id], [fk_id_funciones], [fk_id_oficinas]) VALUES (25, 25, 4)
INSERT [dbo].[funciones_oficinas] ([id], [fk_id_funciones], [fk_id_oficinas]) VALUES (26, 26, 4)
INSERT [dbo].[funciones_oficinas] ([id], [fk_id_funciones], [fk_id_oficinas]) VALUES (27, 27, 4)
INSERT [dbo].[funciones_oficinas] ([id], [fk_id_funciones], [fk_id_oficinas]) VALUES (28, 28, 4)
INSERT [dbo].[funciones_oficinas] ([id], [fk_id_funciones], [fk_id_oficinas]) VALUES (29, 29, 4)
INSERT [dbo].[funciones_oficinas] ([id], [fk_id_funciones], [fk_id_oficinas]) VALUES (30, 30, 4)
INSERT [dbo].[funciones_oficinas] ([id], [fk_id_funciones], [fk_id_oficinas]) VALUES (31, 31, 4)
INSERT [dbo].[funciones_oficinas] ([id], [fk_id_funciones], [fk_id_oficinas]) VALUES (32, 32, 4)
INSERT [dbo].[funciones_oficinas] ([id], [fk_id_funciones], [fk_id_oficinas]) VALUES (33, 33, 4)
INSERT [dbo].[funciones_oficinas] ([id], [fk_id_funciones], [fk_id_oficinas]) VALUES (34, 34, 4)
INSERT [dbo].[funciones_oficinas] ([id], [fk_id_funciones], [fk_id_oficinas]) VALUES (35, 35, 4)
INSERT [dbo].[funciones_oficinas] ([id], [fk_id_funciones], [fk_id_oficinas]) VALUES (36, 36, 4)
INSERT [dbo].[funciones_oficinas] ([id], [fk_id_funciones], [fk_id_oficinas]) VALUES (37, 37, 4)
INSERT [dbo].[funciones_oficinas] ([id], [fk_id_funciones], [fk_id_oficinas]) VALUES (38, 38, 4)
INSERT [dbo].[funciones_oficinas] ([id], [fk_id_funciones], [fk_id_oficinas]) VALUES (39, 39, 4)
INSERT [dbo].[funciones_oficinas] ([id], [fk_id_funciones], [fk_id_oficinas]) VALUES (40, 40, 4)
INSERT [dbo].[funciones_oficinas] ([id], [fk_id_funciones], [fk_id_oficinas]) VALUES (41, 41, 4)
INSERT [dbo].[funciones_oficinas] ([id], [fk_id_funciones], [fk_id_oficinas]) VALUES (42, 42, 4)
INSERT [dbo].[funciones_oficinas] ([id], [fk_id_funciones], [fk_id_oficinas]) VALUES (43, 43, 4)
INSERT [dbo].[funciones_oficinas] ([id], [fk_id_funciones], [fk_id_oficinas]) VALUES (44, 44, 4)
INSERT [dbo].[funciones_oficinas] ([id], [fk_id_funciones], [fk_id_oficinas]) VALUES (45, 45, 4)
INSERT [dbo].[funciones_oficinas] ([id], [fk_id_funciones], [fk_id_oficinas]) VALUES (46, 46, 4)
INSERT [dbo].[funciones_oficinas] ([id], [fk_id_funciones], [fk_id_oficinas]) VALUES (47, 47, 4)
INSERT [dbo].[funciones_oficinas] ([id], [fk_id_funciones], [fk_id_oficinas]) VALUES (48, 48, 4)
INSERT [dbo].[funciones_oficinas] ([id], [fk_id_funciones], [fk_id_oficinas]) VALUES (49, 49, 4)
INSERT [dbo].[funciones_oficinas] ([id], [fk_id_funciones], [fk_id_oficinas]) VALUES (50, 50, 4)
INSERT [dbo].[funciones_oficinas] ([id], [fk_id_funciones], [fk_id_oficinas]) VALUES (51, 51, 4)
INSERT [dbo].[funciones_oficinas] ([id], [fk_id_funciones], [fk_id_oficinas]) VALUES (52, 52, 4)
INSERT [dbo].[funciones_oficinas] ([id], [fk_id_funciones], [fk_id_oficinas]) VALUES (53, 53, 4)
INSERT [dbo].[funciones_oficinas] ([id], [fk_id_funciones], [fk_id_oficinas]) VALUES (54, 54, 4)
INSERT [dbo].[funciones_oficinas] ([id], [fk_id_funciones], [fk_id_oficinas]) VALUES (55, 55, 4)
INSERT [dbo].[funciones_oficinas] ([id], [fk_id_funciones], [fk_id_oficinas]) VALUES (56, 51, 4)
INSERT [dbo].[funciones_oficinas] ([id], [fk_id_funciones], [fk_id_oficinas]) VALUES (57, 52, 4)
INSERT [dbo].[funciones_oficinas] ([id], [fk_id_funciones], [fk_id_oficinas]) VALUES (58, 53, 4)
INSERT [dbo].[funciones_oficinas] ([id], [fk_id_funciones], [fk_id_oficinas]) VALUES (59, 56, 4)
INSERT [dbo].[funciones_oficinas] ([id], [fk_id_funciones], [fk_id_oficinas]) VALUES (60, 55, 4)
INSERT [dbo].[funciones_oficinas] ([id], [fk_id_funciones], [fk_id_oficinas]) VALUES (61, 57, 4)
INSERT [dbo].[funciones_oficinas] ([id], [fk_id_funciones], [fk_id_oficinas]) VALUES (62, 58, 4)
INSERT [dbo].[funciones_oficinas] ([id], [fk_id_funciones], [fk_id_oficinas]) VALUES (63, 59, 4)
INSERT [dbo].[funciones_oficinas] ([id], [fk_id_funciones], [fk_id_oficinas]) VALUES (64, 60, 4)
INSERT [dbo].[funciones_oficinas] ([id], [fk_id_funciones], [fk_id_oficinas]) VALUES (65, 61, 4)
INSERT [dbo].[funciones_oficinas] ([id], [fk_id_funciones], [fk_id_oficinas]) VALUES (67, 63, 4)
INSERT [dbo].[funciones_oficinas] ([id], [fk_id_funciones], [fk_id_oficinas]) VALUES (68, 64, 4)
INSERT [dbo].[funciones_oficinas] ([id], [fk_id_funciones], [fk_id_oficinas]) VALUES (69, 65, 4)
INSERT [dbo].[funciones_oficinas] ([id], [fk_id_funciones], [fk_id_oficinas]) VALUES (70, 66, 4)
INSERT [dbo].[funciones_oficinas] ([id], [fk_id_funciones], [fk_id_oficinas]) VALUES (71, 67, 4)
INSERT [dbo].[funciones_oficinas] ([id], [fk_id_funciones], [fk_id_oficinas]) VALUES (72, 68, 4)
INSERT [dbo].[funciones_oficinas] ([id], [fk_id_funciones], [fk_id_oficinas]) VALUES (73, 69, 4)
INSERT [dbo].[funciones_oficinas] ([id], [fk_id_funciones], [fk_id_oficinas]) VALUES (74, 70, 4)
INSERT [dbo].[funciones_oficinas] ([id], [fk_id_funciones], [fk_id_oficinas]) VALUES (75, 71, 4)
INSERT [dbo].[funciones_oficinas] ([id], [fk_id_funciones], [fk_id_oficinas]) VALUES (77, 63, 4)
INSERT [dbo].[funciones_oficinas] ([id], [fk_id_funciones], [fk_id_oficinas]) VALUES (78, 73, 4)
INSERT [dbo].[funciones_oficinas] ([id], [fk_id_funciones], [fk_id_oficinas]) VALUES (79, 5, 4)
INSERT [dbo].[funciones_oficinas] ([id], [fk_id_funciones], [fk_id_oficinas]) VALUES (80, 74, 4)
INSERT [dbo].[funciones_oficinas] ([id], [fk_id_funciones], [fk_id_oficinas]) VALUES (81, 75, 4)
INSERT [dbo].[funciones_oficinas] ([id], [fk_id_funciones], [fk_id_oficinas]) VALUES (82, 76, 4)
INSERT [dbo].[funciones_oficinas] ([id], [fk_id_funciones], [fk_id_oficinas]) VALUES (83, 77, 4)
INSERT [dbo].[funciones_oficinas] ([id], [fk_id_funciones], [fk_id_oficinas]) VALUES (84, 78, 4)
INSERT [dbo].[funciones_oficinas] ([id], [fk_id_funciones], [fk_id_oficinas]) VALUES (85, 79, 4)
INSERT [dbo].[funciones_oficinas] ([id], [fk_id_funciones], [fk_id_oficinas]) VALUES (86, 80, 4)
INSERT [dbo].[funciones_oficinas] ([id], [fk_id_funciones], [fk_id_oficinas]) VALUES (87, 81, 4)
INSERT [dbo].[funciones_oficinas] ([id], [fk_id_funciones], [fk_id_oficinas]) VALUES (88, 82, 4)
INSERT [dbo].[funciones_oficinas] ([id], [fk_id_funciones], [fk_id_oficinas]) VALUES (89, 83, 4)
INSERT [dbo].[funciones_oficinas] ([id], [fk_id_funciones], [fk_id_oficinas]) VALUES (90, 84, 4)
INSERT [dbo].[funciones_oficinas] ([id], [fk_id_funciones], [fk_id_oficinas]) VALUES (91, 85, 4)
INSERT [dbo].[funciones_oficinas] ([id], [fk_id_funciones], [fk_id_oficinas]) VALUES (92, 86, 4)
INSERT [dbo].[funciones_oficinas] ([id], [fk_id_funciones], [fk_id_oficinas]) VALUES (93, 87, 4)
INSERT [dbo].[funciones_oficinas] ([id], [fk_id_funciones], [fk_id_oficinas]) VALUES (94, 88, 4)
INSERT [dbo].[funciones_oficinas] ([id], [fk_id_funciones], [fk_id_oficinas]) VALUES (95, 89, 4)
INSERT [dbo].[funciones_oficinas] ([id], [fk_id_funciones], [fk_id_oficinas]) VALUES (96, 90, 4)
INSERT [dbo].[funciones_oficinas] ([id], [fk_id_funciones], [fk_id_oficinas]) VALUES (97, 91, 4)
INSERT [dbo].[funciones_oficinas] ([id], [fk_id_funciones], [fk_id_oficinas]) VALUES (98, 92, 4)
INSERT [dbo].[funciones_oficinas] ([id], [fk_id_funciones], [fk_id_oficinas]) VALUES (99, 93, 4)
INSERT [dbo].[funciones_oficinas] ([id], [fk_id_funciones], [fk_id_oficinas]) VALUES (100, 94, 4)
INSERT [dbo].[funciones_oficinas] ([id], [fk_id_funciones], [fk_id_oficinas]) VALUES (101, 95, 4)
GO
INSERT [dbo].[funciones_oficinas] ([id], [fk_id_funciones], [fk_id_oficinas]) VALUES (102, 96, 4)
INSERT [dbo].[funciones_oficinas] ([id], [fk_id_funciones], [fk_id_oficinas]) VALUES (103, 97, 4)
INSERT [dbo].[funciones_oficinas] ([id], [fk_id_funciones], [fk_id_oficinas]) VALUES (104, 98, 4)
INSERT [dbo].[funciones_oficinas] ([id], [fk_id_funciones], [fk_id_oficinas]) VALUES (105, 99, 4)
INSERT [dbo].[funciones_oficinas] ([id], [fk_id_funciones], [fk_id_oficinas]) VALUES (106, 100, 4)
INSERT [dbo].[funciones_oficinas] ([id], [fk_id_funciones], [fk_id_oficinas]) VALUES (107, 101, 4)
INSERT [dbo].[funciones_oficinas] ([id], [fk_id_funciones], [fk_id_oficinas]) VALUES (108, 102, 4)
INSERT [dbo].[funciones_oficinas] ([id], [fk_id_funciones], [fk_id_oficinas]) VALUES (109, 103, 4)
INSERT [dbo].[funciones_oficinas] ([id], [fk_id_funciones], [fk_id_oficinas]) VALUES (110, 100, 4)
INSERT [dbo].[funciones_oficinas] ([id], [fk_id_funciones], [fk_id_oficinas]) VALUES (111, 104, 17)
INSERT [dbo].[funciones_oficinas] ([id], [fk_id_funciones], [fk_id_oficinas]) VALUES (112, 105, 17)
INSERT [dbo].[funciones_oficinas] ([id], [fk_id_funciones], [fk_id_oficinas]) VALUES (113, 106, 17)
INSERT [dbo].[funciones_oficinas] ([id], [fk_id_funciones], [fk_id_oficinas]) VALUES (114, 107, 17)
INSERT [dbo].[funciones_oficinas] ([id], [fk_id_funciones], [fk_id_oficinas]) VALUES (115, 108, 17)
INSERT [dbo].[funciones_oficinas] ([id], [fk_id_funciones], [fk_id_oficinas]) VALUES (116, 109, 17)
INSERT [dbo].[funciones_oficinas] ([id], [fk_id_funciones], [fk_id_oficinas]) VALUES (117, 110, 17)
INSERT [dbo].[funciones_oficinas] ([id], [fk_id_funciones], [fk_id_oficinas]) VALUES (118, 111, 30)
INSERT [dbo].[funciones_oficinas] ([id], [fk_id_funciones], [fk_id_oficinas]) VALUES (119, 112, 30)
INSERT [dbo].[funciones_oficinas] ([id], [fk_id_funciones], [fk_id_oficinas]) VALUES (120, 113, 30)
INSERT [dbo].[funciones_oficinas] ([id], [fk_id_funciones], [fk_id_oficinas]) VALUES (121, 114, 30)
INSERT [dbo].[funciones_oficinas] ([id], [fk_id_funciones], [fk_id_oficinas]) VALUES (122, 115, 30)
INSERT [dbo].[funciones_oficinas] ([id], [fk_id_funciones], [fk_id_oficinas]) VALUES (123, 116, 30)
INSERT [dbo].[funciones_oficinas] ([id], [fk_id_funciones], [fk_id_oficinas]) VALUES (124, 117, 30)
INSERT [dbo].[funciones_oficinas] ([id], [fk_id_funciones], [fk_id_oficinas]) VALUES (125, 118, 30)
INSERT [dbo].[funciones_oficinas] ([id], [fk_id_funciones], [fk_id_oficinas]) VALUES (126, 119, 30)
INSERT [dbo].[funciones_oficinas] ([id], [fk_id_funciones], [fk_id_oficinas]) VALUES (127, 120, 30)
INSERT [dbo].[funciones_oficinas] ([id], [fk_id_funciones], [fk_id_oficinas]) VALUES (128, 121, 30)
INSERT [dbo].[funciones_oficinas] ([id], [fk_id_funciones], [fk_id_oficinas]) VALUES (129, 122, 30)
INSERT [dbo].[funciones_oficinas] ([id], [fk_id_funciones], [fk_id_oficinas]) VALUES (130, 123, 1)
INSERT [dbo].[funciones_oficinas] ([id], [fk_id_funciones], [fk_id_oficinas]) VALUES (131, 124, 1)
INSERT [dbo].[funciones_oficinas] ([id], [fk_id_funciones], [fk_id_oficinas]) VALUES (132, 125, 1)
INSERT [dbo].[funciones_oficinas] ([id], [fk_id_funciones], [fk_id_oficinas]) VALUES (133, 126, 1)
INSERT [dbo].[funciones_oficinas] ([id], [fk_id_funciones], [fk_id_oficinas]) VALUES (134, 127, 1)
INSERT [dbo].[funciones_oficinas] ([id], [fk_id_funciones], [fk_id_oficinas]) VALUES (135, 128, 1)
INSERT [dbo].[funciones_oficinas] ([id], [fk_id_funciones], [fk_id_oficinas]) VALUES (136, 129, 1)
INSERT [dbo].[funciones_oficinas] ([id], [fk_id_funciones], [fk_id_oficinas]) VALUES (137, 130, 1)
INSERT [dbo].[funciones_oficinas] ([id], [fk_id_funciones], [fk_id_oficinas]) VALUES (138, 131, 1)
INSERT [dbo].[funciones_oficinas] ([id], [fk_id_funciones], [fk_id_oficinas]) VALUES (139, 132, 1)
INSERT [dbo].[funciones_oficinas] ([id], [fk_id_funciones], [fk_id_oficinas]) VALUES (140, 133, 1)
INSERT [dbo].[funciones_oficinas] ([id], [fk_id_funciones], [fk_id_oficinas]) VALUES (141, 123, 1)
INSERT [dbo].[funciones_oficinas] ([id], [fk_id_funciones], [fk_id_oficinas]) VALUES (142, 124, 1)
INSERT [dbo].[funciones_oficinas] ([id], [fk_id_funciones], [fk_id_oficinas]) VALUES (143, 125, 1)
INSERT [dbo].[funciones_oficinas] ([id], [fk_id_funciones], [fk_id_oficinas]) VALUES (144, 126, 1)
INSERT [dbo].[funciones_oficinas] ([id], [fk_id_funciones], [fk_id_oficinas]) VALUES (145, 127, 1)
INSERT [dbo].[funciones_oficinas] ([id], [fk_id_funciones], [fk_id_oficinas]) VALUES (146, 134, 1)
INSERT [dbo].[funciones_oficinas] ([id], [fk_id_funciones], [fk_id_oficinas]) VALUES (147, 129, 1)
INSERT [dbo].[funciones_oficinas] ([id], [fk_id_funciones], [fk_id_oficinas]) VALUES (148, 130, 1)
INSERT [dbo].[funciones_oficinas] ([id], [fk_id_funciones], [fk_id_oficinas]) VALUES (149, 131, 1)
INSERT [dbo].[funciones_oficinas] ([id], [fk_id_funciones], [fk_id_oficinas]) VALUES (150, 133, 1)
INSERT [dbo].[funciones_oficinas] ([id], [fk_id_funciones], [fk_id_oficinas]) VALUES (151, 135, 5)
INSERT [dbo].[funciones_oficinas] ([id], [fk_id_funciones], [fk_id_oficinas]) VALUES (152, 136, 5)
INSERT [dbo].[funciones_oficinas] ([id], [fk_id_funciones], [fk_id_oficinas]) VALUES (153, 137, 5)
INSERT [dbo].[funciones_oficinas] ([id], [fk_id_funciones], [fk_id_oficinas]) VALUES (154, 138, 5)
INSERT [dbo].[funciones_oficinas] ([id], [fk_id_funciones], [fk_id_oficinas]) VALUES (155, 139, 5)
INSERT [dbo].[funciones_oficinas] ([id], [fk_id_funciones], [fk_id_oficinas]) VALUES (156, 140, 5)
INSERT [dbo].[funciones_oficinas] ([id], [fk_id_funciones], [fk_id_oficinas]) VALUES (157, 141, 5)
INSERT [dbo].[funciones_oficinas] ([id], [fk_id_funciones], [fk_id_oficinas]) VALUES (158, 142, 5)
INSERT [dbo].[funciones_oficinas] ([id], [fk_id_funciones], [fk_id_oficinas]) VALUES (159, 143, 5)
INSERT [dbo].[funciones_oficinas] ([id], [fk_id_funciones], [fk_id_oficinas]) VALUES (160, 144, 5)
INSERT [dbo].[funciones_oficinas] ([id], [fk_id_funciones], [fk_id_oficinas]) VALUES (161, 145, 5)
INSERT [dbo].[funciones_oficinas] ([id], [fk_id_funciones], [fk_id_oficinas]) VALUES (162, 146, 5)
INSERT [dbo].[funciones_oficinas] ([id], [fk_id_funciones], [fk_id_oficinas]) VALUES (163, 147, 5)
INSERT [dbo].[funciones_oficinas] ([id], [fk_id_funciones], [fk_id_oficinas]) VALUES (164, 148, 5)
INSERT [dbo].[funciones_oficinas] ([id], [fk_id_funciones], [fk_id_oficinas]) VALUES (165, 149, 5)
INSERT [dbo].[funciones_oficinas] ([id], [fk_id_funciones], [fk_id_oficinas]) VALUES (166, 150, 5)
INSERT [dbo].[funciones_oficinas] ([id], [fk_id_funciones], [fk_id_oficinas]) VALUES (167, 151, 5)
INSERT [dbo].[funciones_oficinas] ([id], [fk_id_funciones], [fk_id_oficinas]) VALUES (168, 152, 5)
INSERT [dbo].[funciones_oficinas] ([id], [fk_id_funciones], [fk_id_oficinas]) VALUES (169, 153, 5)
INSERT [dbo].[funciones_oficinas] ([id], [fk_id_funciones], [fk_id_oficinas]) VALUES (170, 154, 5)
INSERT [dbo].[funciones_oficinas] ([id], [fk_id_funciones], [fk_id_oficinas]) VALUES (171, 155, 5)
INSERT [dbo].[funciones_oficinas] ([id], [fk_id_funciones], [fk_id_oficinas]) VALUES (172, 156, 5)
INSERT [dbo].[funciones_oficinas] ([id], [fk_id_funciones], [fk_id_oficinas]) VALUES (173, 157, 5)
INSERT [dbo].[funciones_oficinas] ([id], [fk_id_funciones], [fk_id_oficinas]) VALUES (174, 158, 5)
INSERT [dbo].[funciones_oficinas] ([id], [fk_id_funciones], [fk_id_oficinas]) VALUES (175, 159, 5)
INSERT [dbo].[funciones_oficinas] ([id], [fk_id_funciones], [fk_id_oficinas]) VALUES (176, 160, 5)
INSERT [dbo].[funciones_oficinas] ([id], [fk_id_funciones], [fk_id_oficinas]) VALUES (177, 161, 3)
INSERT [dbo].[funciones_oficinas] ([id], [fk_id_funciones], [fk_id_oficinas]) VALUES (178, 162, 3)
INSERT [dbo].[funciones_oficinas] ([id], [fk_id_funciones], [fk_id_oficinas]) VALUES (179, 163, 3)
INSERT [dbo].[funciones_oficinas] ([id], [fk_id_funciones], [fk_id_oficinas]) VALUES (180, 164, 3)
INSERT [dbo].[funciones_oficinas] ([id], [fk_id_funciones], [fk_id_oficinas]) VALUES (181, 165, 3)
INSERT [dbo].[funciones_oficinas] ([id], [fk_id_funciones], [fk_id_oficinas]) VALUES (182, 166, 3)
INSERT [dbo].[funciones_oficinas] ([id], [fk_id_funciones], [fk_id_oficinas]) VALUES (183, 167, 3)
INSERT [dbo].[funciones_oficinas] ([id], [fk_id_funciones], [fk_id_oficinas]) VALUES (184, 168, 3)
INSERT [dbo].[funciones_oficinas] ([id], [fk_id_funciones], [fk_id_oficinas]) VALUES (185, 169, 3)
INSERT [dbo].[funciones_oficinas] ([id], [fk_id_funciones], [fk_id_oficinas]) VALUES (186, 170, 3)
INSERT [dbo].[funciones_oficinas] ([id], [fk_id_funciones], [fk_id_oficinas]) VALUES (187, 171, 3)
INSERT [dbo].[funciones_oficinas] ([id], [fk_id_funciones], [fk_id_oficinas]) VALUES (188, 172, 16)
INSERT [dbo].[funciones_oficinas] ([id], [fk_id_funciones], [fk_id_oficinas]) VALUES (189, 173, 16)
INSERT [dbo].[funciones_oficinas] ([id], [fk_id_funciones], [fk_id_oficinas]) VALUES (190, 174, 16)
INSERT [dbo].[funciones_oficinas] ([id], [fk_id_funciones], [fk_id_oficinas]) VALUES (191, 175, 16)
INSERT [dbo].[funciones_oficinas] ([id], [fk_id_funciones], [fk_id_oficinas]) VALUES (192, 176, 16)
INSERT [dbo].[funciones_oficinas] ([id], [fk_id_funciones], [fk_id_oficinas]) VALUES (193, 177, 16)
INSERT [dbo].[funciones_oficinas] ([id], [fk_id_funciones], [fk_id_oficinas]) VALUES (194, 178, 16)
INSERT [dbo].[funciones_oficinas] ([id], [fk_id_funciones], [fk_id_oficinas]) VALUES (195, 179, 16)
INSERT [dbo].[funciones_oficinas] ([id], [fk_id_funciones], [fk_id_oficinas]) VALUES (196, 180, 16)
INSERT [dbo].[funciones_oficinas] ([id], [fk_id_funciones], [fk_id_oficinas]) VALUES (197, 181, 16)
INSERT [dbo].[funciones_oficinas] ([id], [fk_id_funciones], [fk_id_oficinas]) VALUES (198, 182, 16)
INSERT [dbo].[funciones_oficinas] ([id], [fk_id_funciones], [fk_id_oficinas]) VALUES (199, 183, 16)
INSERT [dbo].[funciones_oficinas] ([id], [fk_id_funciones], [fk_id_oficinas]) VALUES (200, 184, 16)
INSERT [dbo].[funciones_oficinas] ([id], [fk_id_funciones], [fk_id_oficinas]) VALUES (201, 185, 16)
GO
INSERT [dbo].[funciones_oficinas] ([id], [fk_id_funciones], [fk_id_oficinas]) VALUES (202, 186, 27)
INSERT [dbo].[funciones_oficinas] ([id], [fk_id_funciones], [fk_id_oficinas]) VALUES (203, 187, 27)
INSERT [dbo].[funciones_oficinas] ([id], [fk_id_funciones], [fk_id_oficinas]) VALUES (204, 188, 27)
INSERT [dbo].[funciones_oficinas] ([id], [fk_id_funciones], [fk_id_oficinas]) VALUES (205, 189, 27)
INSERT [dbo].[funciones_oficinas] ([id], [fk_id_funciones], [fk_id_oficinas]) VALUES (206, 190, 27)
INSERT [dbo].[funciones_oficinas] ([id], [fk_id_funciones], [fk_id_oficinas]) VALUES (207, 191, 27)
INSERT [dbo].[funciones_oficinas] ([id], [fk_id_funciones], [fk_id_oficinas]) VALUES (208, 192, 27)
INSERT [dbo].[funciones_oficinas] ([id], [fk_id_funciones], [fk_id_oficinas]) VALUES (209, 193, 27)
INSERT [dbo].[funciones_oficinas] ([id], [fk_id_funciones], [fk_id_oficinas]) VALUES (210, 194, 27)
INSERT [dbo].[funciones_oficinas] ([id], [fk_id_funciones], [fk_id_oficinas]) VALUES (211, 195, 27)
INSERT [dbo].[funciones_oficinas] ([id], [fk_id_funciones], [fk_id_oficinas]) VALUES (212, 196, 27)
INSERT [dbo].[funciones_oficinas] ([id], [fk_id_funciones], [fk_id_oficinas]) VALUES (213, 197, 27)
INSERT [dbo].[funciones_oficinas] ([id], [fk_id_funciones], [fk_id_oficinas]) VALUES (214, 198, 27)
INSERT [dbo].[funciones_oficinas] ([id], [fk_id_funciones], [fk_id_oficinas]) VALUES (215, 199, 27)
INSERT [dbo].[funciones_oficinas] ([id], [fk_id_funciones], [fk_id_oficinas]) VALUES (216, 200, 27)
INSERT [dbo].[funciones_oficinas] ([id], [fk_id_funciones], [fk_id_oficinas]) VALUES (217, 201, 27)
INSERT [dbo].[funciones_oficinas] ([id], [fk_id_funciones], [fk_id_oficinas]) VALUES (218, 202, 27)
INSERT [dbo].[funciones_oficinas] ([id], [fk_id_funciones], [fk_id_oficinas]) VALUES (219, 203, 27)
INSERT [dbo].[funciones_oficinas] ([id], [fk_id_funciones], [fk_id_oficinas]) VALUES (220, 204, 27)
INSERT [dbo].[funciones_oficinas] ([id], [fk_id_funciones], [fk_id_oficinas]) VALUES (221, 205, 28)
INSERT [dbo].[funciones_oficinas] ([id], [fk_id_funciones], [fk_id_oficinas]) VALUES (222, 206, 28)
INSERT [dbo].[funciones_oficinas] ([id], [fk_id_funciones], [fk_id_oficinas]) VALUES (223, 207, 28)
INSERT [dbo].[funciones_oficinas] ([id], [fk_id_funciones], [fk_id_oficinas]) VALUES (224, 208, 28)
INSERT [dbo].[funciones_oficinas] ([id], [fk_id_funciones], [fk_id_oficinas]) VALUES (225, 209, 28)
INSERT [dbo].[funciones_oficinas] ([id], [fk_id_funciones], [fk_id_oficinas]) VALUES (226, 210, 28)
INSERT [dbo].[funciones_oficinas] ([id], [fk_id_funciones], [fk_id_oficinas]) VALUES (227, 211, 28)
INSERT [dbo].[funciones_oficinas] ([id], [fk_id_funciones], [fk_id_oficinas]) VALUES (228, 212, 28)
INSERT [dbo].[funciones_oficinas] ([id], [fk_id_funciones], [fk_id_oficinas]) VALUES (229, 213, 28)
INSERT [dbo].[funciones_oficinas] ([id], [fk_id_funciones], [fk_id_oficinas]) VALUES (230, 214, 28)
INSERT [dbo].[funciones_oficinas] ([id], [fk_id_funciones], [fk_id_oficinas]) VALUES (231, 215, 7)
INSERT [dbo].[funciones_oficinas] ([id], [fk_id_funciones], [fk_id_oficinas]) VALUES (232, 216, 7)
INSERT [dbo].[funciones_oficinas] ([id], [fk_id_funciones], [fk_id_oficinas]) VALUES (233, 217, 7)
INSERT [dbo].[funciones_oficinas] ([id], [fk_id_funciones], [fk_id_oficinas]) VALUES (234, 218, 7)
INSERT [dbo].[funciones_oficinas] ([id], [fk_id_funciones], [fk_id_oficinas]) VALUES (235, 219, 7)
INSERT [dbo].[funciones_oficinas] ([id], [fk_id_funciones], [fk_id_oficinas]) VALUES (236, 220, 19)
INSERT [dbo].[funciones_oficinas] ([id], [fk_id_funciones], [fk_id_oficinas]) VALUES (237, 221, 19)
INSERT [dbo].[funciones_oficinas] ([id], [fk_id_funciones], [fk_id_oficinas]) VALUES (238, 222, 19)
INSERT [dbo].[funciones_oficinas] ([id], [fk_id_funciones], [fk_id_oficinas]) VALUES (239, 223, 19)
INSERT [dbo].[funciones_oficinas] ([id], [fk_id_funciones], [fk_id_oficinas]) VALUES (240, 224, 19)
INSERT [dbo].[funciones_oficinas] ([id], [fk_id_funciones], [fk_id_oficinas]) VALUES (241, 225, 19)
INSERT [dbo].[funciones_oficinas] ([id], [fk_id_funciones], [fk_id_oficinas]) VALUES (242, 226, 19)
INSERT [dbo].[funciones_oficinas] ([id], [fk_id_funciones], [fk_id_oficinas]) VALUES (243, 227, 19)
INSERT [dbo].[funciones_oficinas] ([id], [fk_id_funciones], [fk_id_oficinas]) VALUES (244, 228, 19)
INSERT [dbo].[funciones_oficinas] ([id], [fk_id_funciones], [fk_id_oficinas]) VALUES (245, 229, 19)
INSERT [dbo].[funciones_oficinas] ([id], [fk_id_funciones], [fk_id_oficinas]) VALUES (246, 230, 19)
INSERT [dbo].[funciones_oficinas] ([id], [fk_id_funciones], [fk_id_oficinas]) VALUES (247, 200, 19)
INSERT [dbo].[funciones_oficinas] ([id], [fk_id_funciones], [fk_id_oficinas]) VALUES (248, 231, 19)
INSERT [dbo].[funciones_oficinas] ([id], [fk_id_funciones], [fk_id_oficinas]) VALUES (249, 232, 10)
INSERT [dbo].[funciones_oficinas] ([id], [fk_id_funciones], [fk_id_oficinas]) VALUES (250, 233, 10)
INSERT [dbo].[funciones_oficinas] ([id], [fk_id_funciones], [fk_id_oficinas]) VALUES (251, 234, 10)
INSERT [dbo].[funciones_oficinas] ([id], [fk_id_funciones], [fk_id_oficinas]) VALUES (252, 235, 10)
INSERT [dbo].[funciones_oficinas] ([id], [fk_id_funciones], [fk_id_oficinas]) VALUES (253, 236, 10)
INSERT [dbo].[funciones_oficinas] ([id], [fk_id_funciones], [fk_id_oficinas]) VALUES (254, 236, 10)
INSERT [dbo].[funciones_oficinas] ([id], [fk_id_funciones], [fk_id_oficinas]) VALUES (255, 237, 10)
INSERT [dbo].[funciones_oficinas] ([id], [fk_id_funciones], [fk_id_oficinas]) VALUES (256, 238, 10)
INSERT [dbo].[funciones_oficinas] ([id], [fk_id_funciones], [fk_id_oficinas]) VALUES (257, 239, 10)
INSERT [dbo].[funciones_oficinas] ([id], [fk_id_funciones], [fk_id_oficinas]) VALUES (258, 240, 10)
INSERT [dbo].[funciones_oficinas] ([id], [fk_id_funciones], [fk_id_oficinas]) VALUES (259, 241, 10)
INSERT [dbo].[funciones_oficinas] ([id], [fk_id_funciones], [fk_id_oficinas]) VALUES (260, 242, 10)
INSERT [dbo].[funciones_oficinas] ([id], [fk_id_funciones], [fk_id_oficinas]) VALUES (261, 243, 10)
INSERT [dbo].[funciones_oficinas] ([id], [fk_id_funciones], [fk_id_oficinas]) VALUES (262, 244, 10)
INSERT [dbo].[funciones_oficinas] ([id], [fk_id_funciones], [fk_id_oficinas]) VALUES (263, 245, 10)
INSERT [dbo].[funciones_oficinas] ([id], [fk_id_funciones], [fk_id_oficinas]) VALUES (264, 246, 10)
INSERT [dbo].[funciones_oficinas] ([id], [fk_id_funciones], [fk_id_oficinas]) VALUES (265, 247, 10)
INSERT [dbo].[funciones_oficinas] ([id], [fk_id_funciones], [fk_id_oficinas]) VALUES (266, 248, 21)
INSERT [dbo].[funciones_oficinas] ([id], [fk_id_funciones], [fk_id_oficinas]) VALUES (267, 249, 21)
INSERT [dbo].[funciones_oficinas] ([id], [fk_id_funciones], [fk_id_oficinas]) VALUES (268, 250, 21)
INSERT [dbo].[funciones_oficinas] ([id], [fk_id_funciones], [fk_id_oficinas]) VALUES (269, 251, 21)
INSERT [dbo].[funciones_oficinas] ([id], [fk_id_funciones], [fk_id_oficinas]) VALUES (270, 226, 21)
INSERT [dbo].[funciones_oficinas] ([id], [fk_id_funciones], [fk_id_oficinas]) VALUES (271, 248, 21)
INSERT [dbo].[funciones_oficinas] ([id], [fk_id_funciones], [fk_id_oficinas]) VALUES (272, 249, 21)
INSERT [dbo].[funciones_oficinas] ([id], [fk_id_funciones], [fk_id_oficinas]) VALUES (273, 250, 21)
INSERT [dbo].[funciones_oficinas] ([id], [fk_id_funciones], [fk_id_oficinas]) VALUES (274, 251, 21)
INSERT [dbo].[funciones_oficinas] ([id], [fk_id_funciones], [fk_id_oficinas]) VALUES (275, 252, 13)
INSERT [dbo].[funciones_oficinas] ([id], [fk_id_funciones], [fk_id_oficinas]) VALUES (276, 253, 13)
INSERT [dbo].[funciones_oficinas] ([id], [fk_id_funciones], [fk_id_oficinas]) VALUES (277, 254, 13)
INSERT [dbo].[funciones_oficinas] ([id], [fk_id_funciones], [fk_id_oficinas]) VALUES (278, 255, 13)
INSERT [dbo].[funciones_oficinas] ([id], [fk_id_funciones], [fk_id_oficinas]) VALUES (279, 256, 13)
INSERT [dbo].[funciones_oficinas] ([id], [fk_id_funciones], [fk_id_oficinas]) VALUES (280, 257, 13)
INSERT [dbo].[funciones_oficinas] ([id], [fk_id_funciones], [fk_id_oficinas]) VALUES (281, 258, 13)
INSERT [dbo].[funciones_oficinas] ([id], [fk_id_funciones], [fk_id_oficinas]) VALUES (282, 259, 13)
INSERT [dbo].[funciones_oficinas] ([id], [fk_id_funciones], [fk_id_oficinas]) VALUES (283, 260, 13)
INSERT [dbo].[funciones_oficinas] ([id], [fk_id_funciones], [fk_id_oficinas]) VALUES (284, 261, 13)
INSERT [dbo].[funciones_oficinas] ([id], [fk_id_funciones], [fk_id_oficinas]) VALUES (285, 262, 22)
INSERT [dbo].[funciones_oficinas] ([id], [fk_id_funciones], [fk_id_oficinas]) VALUES (286, 263, 22)
INSERT [dbo].[funciones_oficinas] ([id], [fk_id_funciones], [fk_id_oficinas]) VALUES (287, 264, 22)
INSERT [dbo].[funciones_oficinas] ([id], [fk_id_funciones], [fk_id_oficinas]) VALUES (288, 265, 22)
INSERT [dbo].[funciones_oficinas] ([id], [fk_id_funciones], [fk_id_oficinas]) VALUES (289, 266, 22)
INSERT [dbo].[funciones_oficinas] ([id], [fk_id_funciones], [fk_id_oficinas]) VALUES (290, 267, 22)
INSERT [dbo].[funciones_oficinas] ([id], [fk_id_funciones], [fk_id_oficinas]) VALUES (291, 268, 22)
INSERT [dbo].[funciones_oficinas] ([id], [fk_id_funciones], [fk_id_oficinas]) VALUES (292, 269, 22)
INSERT [dbo].[funciones_oficinas] ([id], [fk_id_funciones], [fk_id_oficinas]) VALUES (293, 270, 22)
INSERT [dbo].[funciones_oficinas] ([id], [fk_id_funciones], [fk_id_oficinas]) VALUES (294, 262, 22)
INSERT [dbo].[funciones_oficinas] ([id], [fk_id_funciones], [fk_id_oficinas]) VALUES (295, 271, 22)
INSERT [dbo].[funciones_oficinas] ([id], [fk_id_funciones], [fk_id_oficinas]) VALUES (296, 264, 22)
INSERT [dbo].[funciones_oficinas] ([id], [fk_id_funciones], [fk_id_oficinas]) VALUES (297, 265, 22)
INSERT [dbo].[funciones_oficinas] ([id], [fk_id_funciones], [fk_id_oficinas]) VALUES (298, 266, 22)
INSERT [dbo].[funciones_oficinas] ([id], [fk_id_funciones], [fk_id_oficinas]) VALUES (299, 267, 22)
INSERT [dbo].[funciones_oficinas] ([id], [fk_id_funciones], [fk_id_oficinas]) VALUES (300, 268, 22)
INSERT [dbo].[funciones_oficinas] ([id], [fk_id_funciones], [fk_id_oficinas]) VALUES (301, 269, 22)
GO
INSERT [dbo].[funciones_oficinas] ([id], [fk_id_funciones], [fk_id_oficinas]) VALUES (302, 272, 22)
INSERT [dbo].[funciones_oficinas] ([id], [fk_id_funciones], [fk_id_oficinas]) VALUES (303, 262, 22)
INSERT [dbo].[funciones_oficinas] ([id], [fk_id_funciones], [fk_id_oficinas]) VALUES (304, 271, 22)
INSERT [dbo].[funciones_oficinas] ([id], [fk_id_funciones], [fk_id_oficinas]) VALUES (305, 264, 22)
INSERT [dbo].[funciones_oficinas] ([id], [fk_id_funciones], [fk_id_oficinas]) VALUES (306, 265, 22)
INSERT [dbo].[funciones_oficinas] ([id], [fk_id_funciones], [fk_id_oficinas]) VALUES (307, 273, 22)
INSERT [dbo].[funciones_oficinas] ([id], [fk_id_funciones], [fk_id_oficinas]) VALUES (308, 267, 22)
INSERT [dbo].[funciones_oficinas] ([id], [fk_id_funciones], [fk_id_oficinas]) VALUES (309, 274, 22)
INSERT [dbo].[funciones_oficinas] ([id], [fk_id_funciones], [fk_id_oficinas]) VALUES (310, 272, 22)
INSERT [dbo].[funciones_oficinas] ([id], [fk_id_funciones], [fk_id_oficinas]) VALUES (311, 275, 12)
INSERT [dbo].[funciones_oficinas] ([id], [fk_id_funciones], [fk_id_oficinas]) VALUES (312, 276, 12)
INSERT [dbo].[funciones_oficinas] ([id], [fk_id_funciones], [fk_id_oficinas]) VALUES (313, 277, 12)
INSERT [dbo].[funciones_oficinas] ([id], [fk_id_funciones], [fk_id_oficinas]) VALUES (314, 278, 12)
INSERT [dbo].[funciones_oficinas] ([id], [fk_id_funciones], [fk_id_oficinas]) VALUES (315, 279, 12)
INSERT [dbo].[funciones_oficinas] ([id], [fk_id_funciones], [fk_id_oficinas]) VALUES (316, 280, 12)
INSERT [dbo].[funciones_oficinas] ([id], [fk_id_funciones], [fk_id_oficinas]) VALUES (317, 281, 12)
INSERT [dbo].[funciones_oficinas] ([id], [fk_id_funciones], [fk_id_oficinas]) VALUES (318, 282, 12)
INSERT [dbo].[funciones_oficinas] ([id], [fk_id_funciones], [fk_id_oficinas]) VALUES (319, 283, 12)
INSERT [dbo].[funciones_oficinas] ([id], [fk_id_funciones], [fk_id_oficinas]) VALUES (320, 284, 12)
INSERT [dbo].[funciones_oficinas] ([id], [fk_id_funciones], [fk_id_oficinas]) VALUES (321, 285, 12)
INSERT [dbo].[funciones_oficinas] ([id], [fk_id_funciones], [fk_id_oficinas]) VALUES (322, 286, 12)
INSERT [dbo].[funciones_oficinas] ([id], [fk_id_funciones], [fk_id_oficinas]) VALUES (323, 287, 12)
INSERT [dbo].[funciones_oficinas] ([id], [fk_id_funciones], [fk_id_oficinas]) VALUES (324, 288, 18)
INSERT [dbo].[funciones_oficinas] ([id], [fk_id_funciones], [fk_id_oficinas]) VALUES (325, 289, 18)
INSERT [dbo].[funciones_oficinas] ([id], [fk_id_funciones], [fk_id_oficinas]) VALUES (326, 290, 18)
INSERT [dbo].[funciones_oficinas] ([id], [fk_id_funciones], [fk_id_oficinas]) VALUES (327, 291, 18)
INSERT [dbo].[funciones_oficinas] ([id], [fk_id_funciones], [fk_id_oficinas]) VALUES (328, 292, 18)
INSERT [dbo].[funciones_oficinas] ([id], [fk_id_funciones], [fk_id_oficinas]) VALUES (329, 293, 18)
INSERT [dbo].[funciones_oficinas] ([id], [fk_id_funciones], [fk_id_oficinas]) VALUES (330, 294, 18)
INSERT [dbo].[funciones_oficinas] ([id], [fk_id_funciones], [fk_id_oficinas]) VALUES (331, 295, 18)
INSERT [dbo].[funciones_oficinas] ([id], [fk_id_funciones], [fk_id_oficinas]) VALUES (332, 296, 18)
INSERT [dbo].[funciones_oficinas] ([id], [fk_id_funciones], [fk_id_oficinas]) VALUES (333, 297, 18)
INSERT [dbo].[funciones_oficinas] ([id], [fk_id_funciones], [fk_id_oficinas]) VALUES (334, 298, 18)
INSERT [dbo].[funciones_oficinas] ([id], [fk_id_funciones], [fk_id_oficinas]) VALUES (335, 299, 18)
INSERT [dbo].[funciones_oficinas] ([id], [fk_id_funciones], [fk_id_oficinas]) VALUES (336, 300, 18)
INSERT [dbo].[funciones_oficinas] ([id], [fk_id_funciones], [fk_id_oficinas]) VALUES (337, 301, 18)
INSERT [dbo].[funciones_oficinas] ([id], [fk_id_funciones], [fk_id_oficinas]) VALUES (338, 302, 18)
INSERT [dbo].[funciones_oficinas] ([id], [fk_id_funciones], [fk_id_oficinas]) VALUES (339, 303, 18)
INSERT [dbo].[funciones_oficinas] ([id], [fk_id_funciones], [fk_id_oficinas]) VALUES (340, 304, 29)
INSERT [dbo].[funciones_oficinas] ([id], [fk_id_funciones], [fk_id_oficinas]) VALUES (341, 305, 29)
INSERT [dbo].[funciones_oficinas] ([id], [fk_id_funciones], [fk_id_oficinas]) VALUES (342, 306, 29)
INSERT [dbo].[funciones_oficinas] ([id], [fk_id_funciones], [fk_id_oficinas]) VALUES (343, 307, 29)
INSERT [dbo].[funciones_oficinas] ([id], [fk_id_funciones], [fk_id_oficinas]) VALUES (344, 308, 29)
INSERT [dbo].[funciones_oficinas] ([id], [fk_id_funciones], [fk_id_oficinas]) VALUES (345, 309, 29)
INSERT [dbo].[funciones_oficinas] ([id], [fk_id_funciones], [fk_id_oficinas]) VALUES (346, 310, 29)
INSERT [dbo].[funciones_oficinas] ([id], [fk_id_funciones], [fk_id_oficinas]) VALUES (347, 311, 29)
INSERT [dbo].[funciones_oficinas] ([id], [fk_id_funciones], [fk_id_oficinas]) VALUES (348, 312, 29)
INSERT [dbo].[funciones_oficinas] ([id], [fk_id_funciones], [fk_id_oficinas]) VALUES (349, 313, 29)
INSERT [dbo].[funciones_oficinas] ([id], [fk_id_funciones], [fk_id_oficinas]) VALUES (350, 314, 29)
INSERT [dbo].[funciones_oficinas] ([id], [fk_id_funciones], [fk_id_oficinas]) VALUES (351, 315, 20)
INSERT [dbo].[funciones_oficinas] ([id], [fk_id_funciones], [fk_id_oficinas]) VALUES (352, 316, 20)
INSERT [dbo].[funciones_oficinas] ([id], [fk_id_funciones], [fk_id_oficinas]) VALUES (353, 317, 20)
INSERT [dbo].[funciones_oficinas] ([id], [fk_id_funciones], [fk_id_oficinas]) VALUES (354, 318, 20)
INSERT [dbo].[funciones_oficinas] ([id], [fk_id_funciones], [fk_id_oficinas]) VALUES (355, 319, 20)
INSERT [dbo].[funciones_oficinas] ([id], [fk_id_funciones], [fk_id_oficinas]) VALUES (356, 320, 20)
INSERT [dbo].[funciones_oficinas] ([id], [fk_id_funciones], [fk_id_oficinas]) VALUES (357, 321, 20)
INSERT [dbo].[funciones_oficinas] ([id], [fk_id_funciones], [fk_id_oficinas]) VALUES (358, 322, 20)
INSERT [dbo].[funciones_oficinas] ([id], [fk_id_funciones], [fk_id_oficinas]) VALUES (359, 323, 20)
INSERT [dbo].[funciones_oficinas] ([id], [fk_id_funciones], [fk_id_oficinas]) VALUES (360, 324, 20)
INSERT [dbo].[funciones_oficinas] ([id], [fk_id_funciones], [fk_id_oficinas]) VALUES (361, 325, 20)
INSERT [dbo].[funciones_oficinas] ([id], [fk_id_funciones], [fk_id_oficinas]) VALUES (362, 326, 20)
INSERT [dbo].[funciones_oficinas] ([id], [fk_id_funciones], [fk_id_oficinas]) VALUES (363, 327, 20)
INSERT [dbo].[funciones_oficinas] ([id], [fk_id_funciones], [fk_id_oficinas]) VALUES (364, 328, 20)
INSERT [dbo].[funciones_oficinas] ([id], [fk_id_funciones], [fk_id_oficinas]) VALUES (365, 329, 20)
INSERT [dbo].[funciones_oficinas] ([id], [fk_id_funciones], [fk_id_oficinas]) VALUES (366, 330, 20)
INSERT [dbo].[funciones_oficinas] ([id], [fk_id_funciones], [fk_id_oficinas]) VALUES (367, 331, 20)
INSERT [dbo].[funciones_oficinas] ([id], [fk_id_funciones], [fk_id_oficinas]) VALUES (368, 332, 20)
INSERT [dbo].[funciones_oficinas] ([id], [fk_id_funciones], [fk_id_oficinas]) VALUES (369, 333, 20)
INSERT [dbo].[funciones_oficinas] ([id], [fk_id_funciones], [fk_id_oficinas]) VALUES (370, 334, 20)
INSERT [dbo].[funciones_oficinas] ([id], [fk_id_funciones], [fk_id_oficinas]) VALUES (371, 335, 20)
INSERT [dbo].[funciones_oficinas] ([id], [fk_id_funciones], [fk_id_oficinas]) VALUES (372, 336, 20)
INSERT [dbo].[funciones_oficinas] ([id], [fk_id_funciones], [fk_id_oficinas]) VALUES (373, 337, 20)
INSERT [dbo].[funciones_oficinas] ([id], [fk_id_funciones], [fk_id_oficinas]) VALUES (374, 338, 20)
INSERT [dbo].[funciones_oficinas] ([id], [fk_id_funciones], [fk_id_oficinas]) VALUES (375, 339, 20)
INSERT [dbo].[funciones_oficinas] ([id], [fk_id_funciones], [fk_id_oficinas]) VALUES (376, 340, 20)
INSERT [dbo].[funciones_oficinas] ([id], [fk_id_funciones], [fk_id_oficinas]) VALUES (377, 341, 23)
INSERT [dbo].[funciones_oficinas] ([id], [fk_id_funciones], [fk_id_oficinas]) VALUES (378, 342, 23)
INSERT [dbo].[funciones_oficinas] ([id], [fk_id_funciones], [fk_id_oficinas]) VALUES (379, 343, 23)
INSERT [dbo].[funciones_oficinas] ([id], [fk_id_funciones], [fk_id_oficinas]) VALUES (380, 344, 23)
INSERT [dbo].[funciones_oficinas] ([id], [fk_id_funciones], [fk_id_oficinas]) VALUES (381, 345, 23)
INSERT [dbo].[funciones_oficinas] ([id], [fk_id_funciones], [fk_id_oficinas]) VALUES (382, 346, 24)
INSERT [dbo].[funciones_oficinas] ([id], [fk_id_funciones], [fk_id_oficinas]) VALUES (383, 347, 24)
INSERT [dbo].[funciones_oficinas] ([id], [fk_id_funciones], [fk_id_oficinas]) VALUES (384, 348, 24)
INSERT [dbo].[funciones_oficinas] ([id], [fk_id_funciones], [fk_id_oficinas]) VALUES (385, 349, 24)
INSERT [dbo].[funciones_oficinas] ([id], [fk_id_funciones], [fk_id_oficinas]) VALUES (386, 346, 24)
INSERT [dbo].[funciones_oficinas] ([id], [fk_id_funciones], [fk_id_oficinas]) VALUES (387, 350, 24)
INSERT [dbo].[funciones_oficinas] ([id], [fk_id_funciones], [fk_id_oficinas]) VALUES (388, 351, 24)
INSERT [dbo].[funciones_oficinas] ([id], [fk_id_funciones], [fk_id_oficinas]) VALUES (389, 352, 24)
INSERT [dbo].[funciones_oficinas] ([id], [fk_id_funciones], [fk_id_oficinas]) VALUES (390, 353, 24)
INSERT [dbo].[funciones_oficinas] ([id], [fk_id_funciones], [fk_id_oficinas]) VALUES (391, 354, 25)
INSERT [dbo].[funciones_oficinas] ([id], [fk_id_funciones], [fk_id_oficinas]) VALUES (392, 204, 25)
INSERT [dbo].[funciones_oficinas] ([id], [fk_id_funciones], [fk_id_oficinas]) VALUES (393, 355, 25)
INSERT [dbo].[funciones_oficinas] ([id], [fk_id_funciones], [fk_id_oficinas]) VALUES (394, 356, 25)
INSERT [dbo].[funciones_oficinas] ([id], [fk_id_funciones], [fk_id_oficinas]) VALUES (395, 357, 26)
INSERT [dbo].[funciones_oficinas] ([id], [fk_id_funciones], [fk_id_oficinas]) VALUES (396, 358, 26)
INSERT [dbo].[funciones_oficinas] ([id], [fk_id_funciones], [fk_id_oficinas]) VALUES (397, 359, 30)
INSERT [dbo].[funciones_oficinas] ([id], [fk_id_funciones], [fk_id_oficinas]) VALUES (398, 360, 30)
INSERT [dbo].[funciones_oficinas] ([id], [fk_id_funciones], [fk_id_oficinas]) VALUES (399, 361, 30)
INSERT [dbo].[funciones_oficinas] ([id], [fk_id_funciones], [fk_id_oficinas]) VALUES (400, 362, 30)
INSERT [dbo].[funciones_oficinas] ([id], [fk_id_funciones], [fk_id_oficinas]) VALUES (401, 363, 30)
GO
INSERT [dbo].[funciones_oficinas] ([id], [fk_id_funciones], [fk_id_oficinas]) VALUES (402, 364, 30)
INSERT [dbo].[funciones_oficinas] ([id], [fk_id_funciones], [fk_id_oficinas]) VALUES (403, 365, 30)
INSERT [dbo].[funciones_oficinas] ([id], [fk_id_funciones], [fk_id_oficinas]) VALUES (404, 366, 30)
INSERT [dbo].[funciones_oficinas] ([id], [fk_id_funciones], [fk_id_oficinas]) VALUES (405, 367, 30)
INSERT [dbo].[funciones_oficinas] ([id], [fk_id_funciones], [fk_id_oficinas]) VALUES (406, 368, 30)
INSERT [dbo].[funciones_oficinas] ([id], [fk_id_funciones], [fk_id_oficinas]) VALUES (407, 369, 30)
INSERT [dbo].[funciones_oficinas] ([id], [fk_id_funciones], [fk_id_oficinas]) VALUES (408, 370, 30)
INSERT [dbo].[funciones_oficinas] ([id], [fk_id_funciones], [fk_id_oficinas]) VALUES (409, 371, 30)
INSERT [dbo].[funciones_oficinas] ([id], [fk_id_funciones], [fk_id_oficinas]) VALUES (410, 372, 30)
INSERT [dbo].[funciones_oficinas] ([id], [fk_id_funciones], [fk_id_oficinas]) VALUES (411, 373, 30)
INSERT [dbo].[funciones_oficinas] ([id], [fk_id_funciones], [fk_id_oficinas]) VALUES (412, 374, 30)
INSERT [dbo].[funciones_oficinas] ([id], [fk_id_funciones], [fk_id_oficinas]) VALUES (413, 375, 30)
INSERT [dbo].[funciones_oficinas] ([id], [fk_id_funciones], [fk_id_oficinas]) VALUES (414, 376, 30)
INSERT [dbo].[funciones_oficinas] ([id], [fk_id_funciones], [fk_id_oficinas]) VALUES (415, 377, 30)
INSERT [dbo].[funciones_oficinas] ([id], [fk_id_funciones], [fk_id_oficinas]) VALUES (416, 378, 30)
INSERT [dbo].[funciones_oficinas] ([id], [fk_id_funciones], [fk_id_oficinas]) VALUES (417, 379, 30)
INSERT [dbo].[funciones_oficinas] ([id], [fk_id_funciones], [fk_id_oficinas]) VALUES (418, 380, 30)
INSERT [dbo].[funciones_oficinas] ([id], [fk_id_funciones], [fk_id_oficinas]) VALUES (419, 381, 30)
INSERT [dbo].[funciones_oficinas] ([id], [fk_id_funciones], [fk_id_oficinas]) VALUES (420, 382, 30)
INSERT [dbo].[funciones_oficinas] ([id], [fk_id_funciones], [fk_id_oficinas]) VALUES (421, 383, 30)
INSERT [dbo].[funciones_oficinas] ([id], [fk_id_funciones], [fk_id_oficinas]) VALUES (422, 384, 30)
INSERT [dbo].[funciones_oficinas] ([id], [fk_id_funciones], [fk_id_oficinas]) VALUES (423, 385, 30)
INSERT [dbo].[funciones_oficinas] ([id], [fk_id_funciones], [fk_id_oficinas]) VALUES (424, 386, 30)
INSERT [dbo].[funciones_oficinas] ([id], [fk_id_funciones], [fk_id_oficinas]) VALUES (425, 387, 30)
INSERT [dbo].[funciones_oficinas] ([id], [fk_id_funciones], [fk_id_oficinas]) VALUES (426, 388, 30)
INSERT [dbo].[funciones_oficinas] ([id], [fk_id_funciones], [fk_id_oficinas]) VALUES (427, 389, 30)
INSERT [dbo].[funciones_oficinas] ([id], [fk_id_funciones], [fk_id_oficinas]) VALUES (428, 390, 30)
INSERT [dbo].[funciones_oficinas] ([id], [fk_id_funciones], [fk_id_oficinas]) VALUES (429, 391, 30)
INSERT [dbo].[funciones_oficinas] ([id], [fk_id_funciones], [fk_id_oficinas]) VALUES (430, 392, 30)
INSERT [dbo].[funciones_oficinas] ([id], [fk_id_funciones], [fk_id_oficinas]) VALUES (431, 393, 30)
INSERT [dbo].[funciones_oficinas] ([id], [fk_id_funciones], [fk_id_oficinas]) VALUES (432, 394, 30)
INSERT [dbo].[funciones_oficinas] ([id], [fk_id_funciones], [fk_id_oficinas]) VALUES (433, 395, 30)
INSERT [dbo].[funciones_oficinas] ([id], [fk_id_funciones], [fk_id_oficinas]) VALUES (434, 396, 30)
INSERT [dbo].[funciones_oficinas] ([id], [fk_id_funciones], [fk_id_oficinas]) VALUES (435, 397, 30)
INSERT [dbo].[funciones_oficinas] ([id], [fk_id_funciones], [fk_id_oficinas]) VALUES (436, 398, 30)
INSERT [dbo].[funciones_oficinas] ([id], [fk_id_funciones], [fk_id_oficinas]) VALUES (437, 399, 30)
INSERT [dbo].[funciones_oficinas] ([id], [fk_id_funciones], [fk_id_oficinas]) VALUES (438, 400, 30)
INSERT [dbo].[funciones_oficinas] ([id], [fk_id_funciones], [fk_id_oficinas]) VALUES (439, 401, 30)
INSERT [dbo].[funciones_oficinas] ([id], [fk_id_funciones], [fk_id_oficinas]) VALUES (440, 402, 30)
INSERT [dbo].[funciones_oficinas] ([id], [fk_id_funciones], [fk_id_oficinas]) VALUES (441, 403, 30)
INSERT [dbo].[funciones_oficinas] ([id], [fk_id_funciones], [fk_id_oficinas]) VALUES (442, 404, 30)
INSERT [dbo].[funciones_oficinas] ([id], [fk_id_funciones], [fk_id_oficinas]) VALUES (443, 405, 30)
INSERT [dbo].[funciones_oficinas] ([id], [fk_id_funciones], [fk_id_oficinas]) VALUES (444, 406, 30)
INSERT [dbo].[funciones_oficinas] ([id], [fk_id_funciones], [fk_id_oficinas]) VALUES (445, 407, 30)
INSERT [dbo].[funciones_oficinas] ([id], [fk_id_funciones], [fk_id_oficinas]) VALUES (446, 408, 30)
INSERT [dbo].[funciones_oficinas] ([id], [fk_id_funciones], [fk_id_oficinas]) VALUES (447, 409, 30)
INSERT [dbo].[funciones_oficinas] ([id], [fk_id_funciones], [fk_id_oficinas]) VALUES (448, 410, 30)
INSERT [dbo].[funciones_oficinas] ([id], [fk_id_funciones], [fk_id_oficinas]) VALUES (449, 411, 30)
INSERT [dbo].[funciones_oficinas] ([id], [fk_id_funciones], [fk_id_oficinas]) VALUES (450, 412, 30)
INSERT [dbo].[funciones_oficinas] ([id], [fk_id_funciones], [fk_id_oficinas]) VALUES (451, 413, 30)
INSERT [dbo].[funciones_oficinas] ([id], [fk_id_funciones], [fk_id_oficinas]) VALUES (452, 414, 30)
INSERT [dbo].[funciones_oficinas] ([id], [fk_id_funciones], [fk_id_oficinas]) VALUES (453, 415, 30)
INSERT [dbo].[funciones_oficinas] ([id], [fk_id_funciones], [fk_id_oficinas]) VALUES (454, 416, 30)
INSERT [dbo].[funciones_oficinas] ([id], [fk_id_funciones], [fk_id_oficinas]) VALUES (455, 417, 30)
INSERT [dbo].[funciones_oficinas] ([id], [fk_id_funciones], [fk_id_oficinas]) VALUES (456, 418, 30)
INSERT [dbo].[funciones_oficinas] ([id], [fk_id_funciones], [fk_id_oficinas]) VALUES (457, 419, 30)
INSERT [dbo].[funciones_oficinas] ([id], [fk_id_funciones], [fk_id_oficinas]) VALUES (458, 420, 11)
INSERT [dbo].[funciones_oficinas] ([id], [fk_id_funciones], [fk_id_oficinas]) VALUES (459, 421, 11)
INSERT [dbo].[funciones_oficinas] ([id], [fk_id_funciones], [fk_id_oficinas]) VALUES (460, 422, 11)
INSERT [dbo].[funciones_oficinas] ([id], [fk_id_funciones], [fk_id_oficinas]) VALUES (461, 423, 11)
INSERT [dbo].[funciones_oficinas] ([id], [fk_id_funciones], [fk_id_oficinas]) VALUES (462, 424, 11)
INSERT [dbo].[funciones_oficinas] ([id], [fk_id_funciones], [fk_id_oficinas]) VALUES (463, 425, 11)
INSERT [dbo].[funciones_oficinas] ([id], [fk_id_funciones], [fk_id_oficinas]) VALUES (464, 426, 11)
INSERT [dbo].[funciones_oficinas] ([id], [fk_id_funciones], [fk_id_oficinas]) VALUES (465, 427, 11)
INSERT [dbo].[funciones_oficinas] ([id], [fk_id_funciones], [fk_id_oficinas]) VALUES (466, 428, 11)
INSERT [dbo].[funciones_oficinas] ([id], [fk_id_funciones], [fk_id_oficinas]) VALUES (467, 429, 11)
INSERT [dbo].[funciones_oficinas] ([id], [fk_id_funciones], [fk_id_oficinas]) VALUES (468, 426, 11)
INSERT [dbo].[funciones_oficinas] ([id], [fk_id_funciones], [fk_id_oficinas]) VALUES (469, 430, 11)
INSERT [dbo].[funciones_oficinas] ([id], [fk_id_funciones], [fk_id_oficinas]) VALUES (470, 431, 11)
INSERT [dbo].[funciones_oficinas] ([id], [fk_id_funciones], [fk_id_oficinas]) VALUES (471, 62, 4)
INSERT [dbo].[funciones_oficinas] ([id], [fk_id_funciones], [fk_id_oficinas]) VALUES (472, 62, 4)
SET IDENTITY_INSERT [dbo].[funciones_oficinas] OFF
SET IDENTITY_INSERT [dbo].[modulos] ON 

INSERT [dbo].[modulos] ([id], [modulo]) VALUES (1, N'Modulos')
INSERT [dbo].[modulos] ([id], [modulo]) VALUES (2, N'Roles')
INSERT [dbo].[modulos] ([id], [modulo]) VALUES (3, N'Edificios')
INSERT [dbo].[modulos] ([id], [modulo]) VALUES (4, N'Oficinas')
INSERT [dbo].[modulos] ([id], [modulo]) VALUES (5, N'Funciones')
INSERT [dbo].[modulos] ([id], [modulo]) VALUES (6, N'Funcionarios')
INSERT [dbo].[modulos] ([id], [modulo]) VALUES (7, N'Visitas')
INSERT [dbo].[modulos] ([id], [modulo]) VALUES (8, N'Visitantes')
INSERT [dbo].[modulos] ([id], [modulo]) VALUES (9, N'Reportes')
SET IDENTITY_INSERT [dbo].[modulos] OFF
SET IDENTITY_INSERT [dbo].[modulos_roles] ON 

INSERT [dbo].[modulos_roles] ([id], [fk_id_modulos], [fk_id_roles]) VALUES (1, 1, 1)
INSERT [dbo].[modulos_roles] ([id], [fk_id_modulos], [fk_id_roles]) VALUES (2, 2, 1)
INSERT [dbo].[modulos_roles] ([id], [fk_id_modulos], [fk_id_roles]) VALUES (3, 3, 1)
INSERT [dbo].[modulos_roles] ([id], [fk_id_modulos], [fk_id_roles]) VALUES (4, 4, 1)
INSERT [dbo].[modulos_roles] ([id], [fk_id_modulos], [fk_id_roles]) VALUES (5, 5, 1)
INSERT [dbo].[modulos_roles] ([id], [fk_id_modulos], [fk_id_roles]) VALUES (6, 6, 1)
INSERT [dbo].[modulos_roles] ([id], [fk_id_modulos], [fk_id_roles]) VALUES (7, 7, 1)
INSERT [dbo].[modulos_roles] ([id], [fk_id_modulos], [fk_id_roles]) VALUES (8, 8, 1)
INSERT [dbo].[modulos_roles] ([id], [fk_id_modulos], [fk_id_roles]) VALUES (9, 9, 1)
INSERT [dbo].[modulos_roles] ([id], [fk_id_modulos], [fk_id_roles]) VALUES (10, 3, 2)
INSERT [dbo].[modulos_roles] ([id], [fk_id_modulos], [fk_id_roles]) VALUES (11, 4, 2)
INSERT [dbo].[modulos_roles] ([id], [fk_id_modulos], [fk_id_roles]) VALUES (12, 5, 2)
INSERT [dbo].[modulos_roles] ([id], [fk_id_modulos], [fk_id_roles]) VALUES (13, 6, 2)
INSERT [dbo].[modulos_roles] ([id], [fk_id_modulos], [fk_id_roles]) VALUES (14, 7, 2)
INSERT [dbo].[modulos_roles] ([id], [fk_id_modulos], [fk_id_roles]) VALUES (15, 8, 2)
INSERT [dbo].[modulos_roles] ([id], [fk_id_modulos], [fk_id_roles]) VALUES (16, 9, 2)
INSERT [dbo].[modulos_roles] ([id], [fk_id_modulos], [fk_id_roles]) VALUES (17, 9, 3)
INSERT [dbo].[modulos_roles] ([id], [fk_id_modulos], [fk_id_roles]) VALUES (18, 8, 3)
INSERT [dbo].[modulos_roles] ([id], [fk_id_modulos], [fk_id_roles]) VALUES (19, 7, 4)
INSERT [dbo].[modulos_roles] ([id], [fk_id_modulos], [fk_id_roles]) VALUES (20, 8, 4)
INSERT [dbo].[modulos_roles] ([id], [fk_id_modulos], [fk_id_roles]) VALUES (21, 9, 4)
SET IDENTITY_INSERT [dbo].[modulos_roles] OFF
SET IDENTITY_INSERT [dbo].[numero_reporte] ON 

INSERT [dbo].[numero_reporte] ([id], [date]) VALUES (1, CAST(N'2020-11-06T09:02:07.580' AS DateTime))
INSERT [dbo].[numero_reporte] ([id], [date]) VALUES (2, CAST(N'2020-12-08T20:22:16.840' AS DateTime))
SET IDENTITY_INSERT [dbo].[numero_reporte] OFF
